in:TowerA_Floors,in:TowerB_Floors,in:TowerA_Rotation,in:TowerB_Rotation,out:Required Development Area (SQM),out:Acheived Area,out:Tower A Height (M),out:Tower B Height (M),out:Tower Volumes,out:Shadow Area,out:Visibile Area (SQM),out:Area Deviation,img,threeD
30,30,0,0,210212,89310,120,120,357245,7612,363189,120902,TowerA_Floors30_TowerB_Floors30_TowerA_Rotation0_TowerB_Rotation0_001.png,TowerA_Floors30_TowerB_Floors30_TowerA_Rotation0_TowerB_Rotation0.json
40,30,0,0,210212,102370,160,120,409505,8357,400879,107842,TowerA_Floors40_TowerB_Floors30_TowerA_Rotation0_TowerB_Rotation0_001.png,TowerA_Floors40_TowerB_Floors30_TowerA_Rotation0_TowerB_Rotation0.json
50,30,0,0,210212,115430,200,120,461765,9102,453654,94782,TowerA_Floors50_TowerB_Floors30_TowerA_Rotation0_TowerB_Rotation0_001.png,TowerA_Floors50_TowerB_Floors30_TowerA_Rotation0_TowerB_Rotation0.json
60,30,0,0,210212,128490,240,120,514025,9847,515463,81722,TowerA_Floors60_TowerB_Floors30_TowerA_Rotation0_TowerB_Rotation0_001.png,TowerA_Floors60_TowerB_Floors30_TowerA_Rotation0_TowerB_Rotation0.json
70,30,0,0,210212,141550,280,120,566284,10592,562353,68662,TowerA_Floors70_TowerB_Floors30_TowerA_Rotation0_TowerB_Rotation0_001.png,TowerA_Floors70_TowerB_Floors30_TowerA_Rotation0_TowerB_Rotation0.json
30,40,0,0,210212,106020,120,160,424067,8180,413995,104192,TowerA_Floors30_TowerB_Floors40_TowerA_Rotation0_TowerB_Rotation0_001.png,TowerA_Floors30_TowerB_Floors40_TowerA_Rotation0_TowerB_Rotation0.json
40,40,0,0,210212,119080,160,160,476327,8925,451685,91132,TowerA_Floors40_TowerB_Floors40_TowerA_Rotation0_TowerB_Rotation0_001.png,TowerA_Floors40_TowerB_Floors40_TowerA_Rotation0_TowerB_Rotation0.json
50,40,0,0,210212,132140,200,160,528587,9670,504460,78072,TowerA_Floors50_TowerB_Floors40_TowerA_Rotation0_TowerB_Rotation0_001.png,TowerA_Floors50_TowerB_Floors40_TowerA_Rotation0_TowerB_Rotation0.json
60,40,0,0,210212,145200,240,160,580847,10415,566269,65012,TowerA_Floors60_TowerB_Floors40_TowerA_Rotation0_TowerB_Rotation0_001.png,TowerA_Floors60_TowerB_Floors40_TowerA_Rotation0_TowerB_Rotation0.json
70,40,0,0,210212,158260,280,160,633106,11160,613159,51952,TowerA_Floors70_TowerB_Floors40_TowerA_Rotation0_TowerB_Rotation0_001.png,TowerA_Floors70_TowerB_Floors40_TowerA_Rotation0_TowerB_Rotation0.json
30,50,0,0,210212,122730,120,200,490889,8911,483764,87482,TowerA_Floors30_TowerB_Floors50_TowerA_Rotation0_TowerB_Rotation0_001.png,TowerA_Floors30_TowerB_Floors50_TowerA_Rotation0_TowerB_Rotation0.json
40,50,0,0,210212,135790,160,200,543149,9656,521454,74422,TowerA_Floors40_TowerB_Floors50_TowerA_Rotation0_TowerB_Rotation0_001.png,TowerA_Floors40_TowerB_Floors50_TowerA_Rotation0_TowerB_Rotation0.json
50,50,0,0,210212,148850,200,200,595409,10401,574229,61362,TowerA_Floors50_TowerB_Floors50_TowerA_Rotation0_TowerB_Rotation0_001.png,TowerA_Floors50_TowerB_Floors50_TowerA_Rotation0_TowerB_Rotation0.json
60,50,0,0,210212,161910,240,200,647669,11146,636038,48302,TowerA_Floors60_TowerB_Floors50_TowerA_Rotation0_TowerB_Rotation0_001.png,TowerA_Floors60_TowerB_Floors50_TowerA_Rotation0_TowerB_Rotation0.json
70,50,0,0,210212,174970,280,200,699928,11891,682928,35242,TowerA_Floors70_TowerB_Floors50_TowerA_Rotation0_TowerB_Rotation0_001.png,TowerA_Floors70_TowerB_Floors50_TowerA_Rotation0_TowerB_Rotation0.json
30,60,0,0,210212,139440,120,240,557711,9651,540307,70772,TowerA_Floors30_TowerB_Floors60_TowerA_Rotation0_TowerB_Rotation0_001.png,TowerA_Floors30_TowerB_Floors60_TowerA_Rotation0_TowerB_Rotation0.json
40,60,0,0,210212,152500,160,240,609971,10396,577997,57712,TowerA_Floors40_TowerB_Floors60_TowerA_Rotation0_TowerB_Rotation0_001.png,TowerA_Floors40_TowerB_Floors60_TowerA_Rotation0_TowerB_Rotation0.json
50,60,0,0,210212,165560,200,240,662231,11141,630772,44652,TowerA_Floors50_TowerB_Floors60_TowerA_Rotation0_TowerB_Rotation0_001.png,TowerA_Floors50_TowerB_Floors60_TowerA_Rotation0_TowerB_Rotation0.json
60,60,0,0,210212,178620,240,240,714491,11886,692581,31592,TowerA_Floors60_TowerB_Floors60_TowerA_Rotation0_TowerB_Rotation0_001.png,TowerA_Floors60_TowerB_Floors60_TowerA_Rotation0_TowerB_Rotation0.json
70,60,0,0,210212,191680,280,240,766750,12631,739471,18532,TowerA_Floors70_TowerB_Floors60_TowerA_Rotation0_TowerB_Rotation0_001.png,TowerA_Floors70_TowerB_Floors60_TowerA_Rotation0_TowerB_Rotation0.json
30,70,0,0,210212,156150,120,280,624533,10391,570020,54062,TowerA_Floors30_TowerB_Floors70_TowerA_Rotation0_TowerB_Rotation0_001.png,TowerA_Floors30_TowerB_Floors70_TowerA_Rotation0_TowerB_Rotation0.json
40,70,0,0,210212,169210,160,280,676793,11136,607710,41002,TowerA_Floors40_TowerB_Floors70_TowerA_Rotation0_TowerB_Rotation0_001.png,TowerA_Floors40_TowerB_Floors70_TowerA_Rotation0_TowerB_Rotation0.json
50,70,0,0,210212,182270,200,280,729053,11881,660485,27942,TowerA_Floors50_TowerB_Floors70_TowerA_Rotation0_TowerB_Rotation0_001.png,TowerA_Floors50_TowerB_Floors70_TowerA_Rotation0_TowerB_Rotation0.json
60,70,0,0,210212,195330,240,280,781313,12626,722294,14882,TowerA_Floors60_TowerB_Floors70_TowerA_Rotation0_TowerB_Rotation0_001.png,TowerA_Floors60_TowerB_Floors70_TowerA_Rotation0_TowerB_Rotation0.json
70,70,0,0,210212,208390,280,280,833572,13371,769184,1822,TowerA_Floors70_TowerB_Floors70_TowerA_Rotation0_TowerB_Rotation0_001.png,TowerA_Floors70_TowerB_Floors70_TowerA_Rotation0_TowerB_Rotation0.json
30,30,10,0,210212,89127,120,120,356451,7548,363189,121085,TowerA_Floors30_TowerB_Floors30_TowerA_Rotation10_TowerB_Rotation0_001.png,TowerA_Floors30_TowerB_Floors30_TowerA_Rotation10_TowerB_Rotation0.json
40,30,10,0,210212,102129,160,120,408446,8272,400879,108083,TowerA_Floors40_TowerB_Floors30_TowerA_Rotation10_TowerB_Rotation0_001.png,TowerA_Floors40_TowerB_Floors30_TowerA_Rotation10_TowerB_Rotation0.json
50,30,10,0,210212,115127,200,120,460442,8995,453654,95085,TowerA_Floors50_TowerB_Floors30_TowerA_Rotation10_TowerB_Rotation0_001.png,TowerA_Floors50_TowerB_Floors30_TowerA_Rotation10_TowerB_Rotation0.json
60,30,10,0,210212,128123,240,120,512437,9719,515463,82089,TowerA_Floors60_TowerB_Floors30_TowerA_Rotation10_TowerB_Rotation0_001.png,TowerA_Floors60_TowerB_Floors30_TowerA_Rotation10_TowerB_Rotation0.json
70,30,10,0,210212,141121,280,120,564432,10442,562353,69091,TowerA_Floors70_TowerB_Floors30_TowerA_Rotation10_TowerB_Rotation0_001.png,TowerA_Floors70_TowerB_Floors30_TowerA_Rotation10_TowerB_Rotation0.json
30,40,10,0,210212,105837,120,160,423273,8116,413995,104375,TowerA_Floors30_TowerB_Floors40_TowerA_Rotation10_TowerB_Rotation0_001.png,TowerA_Floors30_TowerB_Floors40_TowerA_Rotation10_TowerB_Rotation0.json
40,40,10,0,210212,118839,160,160,475268,8840,451685,91373,TowerA_Floors40_TowerB_Floors40_TowerA_Rotation10_TowerB_Rotation0_001.png,TowerA_Floors40_TowerB_Floors40_TowerA_Rotation10_TowerB_Rotation0.json
50,40,10,0,210212,131837,200,160,527264,9563,504460,78375,TowerA_Floors50_TowerB_Floors40_TowerA_Rotation10_TowerB_Rotation0_001.png,TowerA_Floors50_TowerB_Floors40_TowerA_Rotation10_TowerB_Rotation0.json
60,40,10,0,210212,144833,240,160,579259,10287,566269,65379,TowerA_Floors60_TowerB_Floors40_TowerA_Rotation10_TowerB_Rotation0_001.png,TowerA_Floors60_TowerB_Floors40_TowerA_Rotation10_TowerB_Rotation0.json
70,40,10,0,210212,157831,280,160,631254,11010,613159,52381,TowerA_Floors70_TowerB_Floors40_TowerA_Rotation10_TowerB_Rotation0_001.png,TowerA_Floors70_TowerB_Floors40_TowerA_Rotation10_TowerB_Rotation0.json
30,50,10,0,210212,122547,120,200,490095,8847,483764,87665,TowerA_Floors30_TowerB_Floors50_TowerA_Rotation10_TowerB_Rotation0_001.png,TowerA_Floors30_TowerB_Floors50_TowerA_Rotation10_TowerB_Rotation0.json
40,50,10,0,210212,135549,160,200,542090,9571,521454,74663,TowerA_Floors40_TowerB_Floors50_TowerA_Rotation10_TowerB_Rotation0_001.png,TowerA_Floors40_TowerB_Floors50_TowerA_Rotation10_TowerB_Rotation0.json
50,50,10,0,210212,148547,200,200,594086,10294,574229,61665,TowerA_Floors50_TowerB_Floors50_TowerA_Rotation10_TowerB_Rotation0_001.png,TowerA_Floors50_TowerB_Floors50_TowerA_Rotation10_TowerB_Rotation0.json
60,50,10,0,210212,161543,240,200,646081,11018,636038,48669,TowerA_Floors60_TowerB_Floors50_TowerA_Rotation10_TowerB_Rotation0_001.png,TowerA_Floors60_TowerB_Floors50_TowerA_Rotation10_TowerB_Rotation0.json
70,50,10,0,210212,174541,280,200,698076,11741,682928,35671,TowerA_Floors70_TowerB_Floors50_TowerA_Rotation10_TowerB_Rotation0_001.png,TowerA_Floors70_TowerB_Floors50_TowerA_Rotation10_TowerB_Rotation0.json
30,60,10,0,210212,139257,120,240,556917,9587,540307,70955,TowerA_Floors30_TowerB_Floors60_TowerA_Rotation10_TowerB_Rotation0_001.png,TowerA_Floors30_TowerB_Floors60_TowerA_Rotation10_TowerB_Rotation0.json
40,60,10,0,210212,152259,160,240,608912,10311,577997,57953,TowerA_Floors40_TowerB_Floors60_TowerA_Rotation10_TowerB_Rotation0_001.png,TowerA_Floors40_TowerB_Floors60_TowerA_Rotation10_TowerB_Rotation0.json
50,60,10,0,210212,165257,200,240,660908,11034,630772,44955,TowerA_Floors50_TowerB_Floors60_TowerA_Rotation10_TowerB_Rotation0_001.png,TowerA_Floors50_TowerB_Floors60_TowerA_Rotation10_TowerB_Rotation0.json
60,60,10,0,210212,178253,240,240,712903,11758,692581,31959,TowerA_Floors60_TowerB_Floors60_TowerA_Rotation10_TowerB_Rotation0_001.png,TowerA_Floors60_TowerB_Floors60_TowerA_Rotation10_TowerB_Rotation0.json
70,60,10,0,210212,191251,280,240,764898,12481,739471,18961,TowerA_Floors70_TowerB_Floors60_TowerA_Rotation10_TowerB_Rotation0_001.png,TowerA_Floors70_TowerB_Floors60_TowerA_Rotation10_TowerB_Rotation0.json
30,70,10,0,210212,155967,120,280,623739,10327,570020,54245,TowerA_Floors30_TowerB_Floors70_TowerA_Rotation10_TowerB_Rotation0_001.png,TowerA_Floors30_TowerB_Floors70_TowerA_Rotation10_TowerB_Rotation0.json
40,70,10,0,210212,168969,160,280,675734,11051,607710,41243,TowerA_Floors40_TowerB_Floors70_TowerA_Rotation10_TowerB_Rotation0_001.png,TowerA_Floors40_TowerB_Floors70_TowerA_Rotation10_TowerB_Rotation0.json
50,70,10,0,210212,181967,200,280,727730,11774,660485,28245,TowerA_Floors50_TowerB_Floors70_TowerA_Rotation10_TowerB_Rotation0_001.png,TowerA_Floors50_TowerB_Floors70_TowerA_Rotation10_TowerB_Rotation0.json
60,70,10,0,210212,194963,240,280,779725,12498,722294,15249,TowerA_Floors60_TowerB_Floors70_TowerA_Rotation10_TowerB_Rotation0_001.png,TowerA_Floors60_TowerB_Floors70_TowerA_Rotation10_TowerB_Rotation0.json
70,70,10,0,210212,207961,280,280,831720,13221,769184,2251,TowerA_Floors70_TowerB_Floors70_TowerA_Rotation10_TowerB_Rotation0_001.png,TowerA_Floors70_TowerB_Floors70_TowerA_Rotation10_TowerB_Rotation0.json
30,30,20,0,210212,88535,120,120,354094,7456,363189,121677,TowerA_Floors30_TowerB_Floors30_TowerA_Rotation20_TowerB_Rotation0_001.png,TowerA_Floors30_TowerB_Floors30_TowerA_Rotation20_TowerB_Rotation0.json
40,30,20,0,210212,101339,160,120,405303,8144,400879,108873,TowerA_Floors40_TowerB_Floors30_TowerA_Rotation20_TowerB_Rotation0_001.png,TowerA_Floors40_TowerB_Floors30_TowerA_Rotation20_TowerB_Rotation0.json
50,30,20,0,210212,114137,200,120,456512,8835,453654,96075,TowerA_Floors50_TowerB_Floors30_TowerA_Rotation20_TowerB_Rotation0_001.png,TowerA_Floors50_TowerB_Floors30_TowerA_Rotation20_TowerB_Rotation0.json
60,30,20,0,210212,126937,240,120,507721,9527,515463,83275,TowerA_Floors60_TowerB_Floors30_TowerA_Rotation20_TowerB_Rotation0_001.png,TowerA_Floors60_TowerB_Floors30_TowerA_Rotation20_TowerB_Rotation0.json
70,30,20,0,210212,139745,280,120,558930,10218,562353,70467,TowerA_Floors70_TowerB_Floors30_TowerA_Rotation20_TowerB_Rotation0_001.png,TowerA_Floors70_TowerB_Floors30_TowerA_Rotation20_TowerB_Rotation0.json
30,40,20,0,210212,105245,120,160,420916,8024,413995,104967,TowerA_Floors30_TowerB_Floors40_TowerA_Rotation20_TowerB_Rotation0_001.png,TowerA_Floors30_TowerB_Floors40_TowerA_Rotation20_TowerB_Rotation0.json
40,40,20,0,210212,118049,160,160,472125,8712,451685,92163,TowerA_Floors40_TowerB_Floors40_TowerA_Rotation20_TowerB_Rotation0_001.png,TowerA_Floors40_TowerB_Floors40_TowerA_Rotation20_TowerB_Rotation0.json
50,40,20,0,210212,130847,200,160,523334,9403,504460,79365,TowerA_Floors50_TowerB_Floors40_TowerA_Rotation20_TowerB_Rotation0_001.png,TowerA_Floors50_TowerB_Floors40_TowerA_Rotation20_TowerB_Rotation0.json
60,40,20,0,210212,143647,240,160,574543,10095,566269,66565,TowerA_Floors60_TowerB_Floors40_TowerA_Rotation20_TowerB_Rotation0_001.png,TowerA_Floors60_TowerB_Floors40_TowerA_Rotation20_TowerB_Rotation0.json
70,40,20,0,210212,156455,280,160,625752,10786,613159,53757,TowerA_Floors70_TowerB_Floors40_TowerA_Rotation20_TowerB_Rotation0_001.png,TowerA_Floors70_TowerB_Floors40_TowerA_Rotation20_TowerB_Rotation0.json
30,50,20,0,210212,121955,120,200,487738,8755,483764,88257,TowerA_Floors30_TowerB_Floors50_TowerA_Rotation20_TowerB_Rotation0_001.png,TowerA_Floors30_TowerB_Floors50_TowerA_Rotation20_TowerB_Rotation0.json
40,50,20,0,210212,134759,160,200,538947,9443,521454,75453,TowerA_Floors40_TowerB_Floors50_TowerA_Rotation20_TowerB_Rotation0_001.png,TowerA_Floors40_TowerB_Floors50_TowerA_Rotation20_TowerB_Rotation0.json
50,50,20,0,210212,147557,200,200,590156,10134,574229,62655,TowerA_Floors50_TowerB_Floors50_TowerA_Rotation20_TowerB_Rotation0_001.png,TowerA_Floors50_TowerB_Floors50_TowerA_Rotation20_TowerB_Rotation0.json
60,50,20,0,210212,160357,240,200,641365,10826,636038,49855,TowerA_Floors60_TowerB_Floors50_TowerA_Rotation20_TowerB_Rotation0_001.png,TowerA_Floors60_TowerB_Floors50_TowerA_Rotation20_TowerB_Rotation0.json
70,50,20,0,210212,173165,280,200,692574,11517,682928,37047,TowerA_Floors70_TowerB_Floors50_TowerA_Rotation20_TowerB_Rotation0_001.png,TowerA_Floors70_TowerB_Floors50_TowerA_Rotation20_TowerB_Rotation0.json
30,60,20,0,210212,138665,120,240,554560,9495,540307,71547,TowerA_Floors30_TowerB_Floors60_TowerA_Rotation20_TowerB_Rotation0_001.png,TowerA_Floors30_TowerB_Floors60_TowerA_Rotation20_TowerB_Rotation0.json
40,60,20,0,210212,151469,160,240,605769,10183,577997,58743,TowerA_Floors40_TowerB_Floors60_TowerA_Rotation20_TowerB_Rotation0_001.png,TowerA_Floors40_TowerB_Floors60_TowerA_Rotation20_TowerB_Rotation0.json
50,60,20,0,210212,164267,200,240,656978,10874,630772,45945,TowerA_Floors50_TowerB_Floors60_TowerA_Rotation20_TowerB_Rotation0_001.png,TowerA_Floors50_TowerB_Floors60_TowerA_Rotation20_TowerB_Rotation0.json
60,60,20,0,210212,177067,240,240,708187,11566,692581,33145,TowerA_Floors60_TowerB_Floors60_TowerA_Rotation20_TowerB_Rotation0_001.png,TowerA_Floors60_TowerB_Floors60_TowerA_Rotation20_TowerB_Rotation0.json
70,60,20,0,210212,189875,280,240,759396,12257,739471,20337,TowerA_Floors70_TowerB_Floors60_TowerA_Rotation20_TowerB_Rotation0_001.png,TowerA_Floors70_TowerB_Floors60_TowerA_Rotation20_TowerB_Rotation0.json
30,70,20,0,210212,155375,120,280,621382,10235,570020,54837,TowerA_Floors30_TowerB_Floors70_TowerA_Rotation20_TowerB_Rotation0_001.png,TowerA_Floors30_TowerB_Floors70_TowerA_Rotation20_TowerB_Rotation0.json
40,70,20,0,210212,168179,160,280,672591,10923,607710,42033,TowerA_Floors40_TowerB_Floors70_TowerA_Rotation20_TowerB_Rotation0_001.png,TowerA_Floors40_TowerB_Floors70_TowerA_Rotation20_TowerB_Rotation0.json
50,70,20,0,210212,180977,200,280,723800,11614,660485,29235,TowerA_Floors50_TowerB_Floors70_TowerA_Rotation20_TowerB_Rotation0_001.png,TowerA_Floors50_TowerB_Floors70_TowerA_Rotation20_TowerB_Rotation0.json
60,70,20,0,210212,193777,240,280,775009,12306,722294,16435,TowerA_Floors60_TowerB_Floors70_TowerA_Rotation20_TowerB_Rotation0_001.png,TowerA_Floors60_TowerB_Floors70_TowerA_Rotation20_TowerB_Rotation0.json
70,70,20,0,210212,206585,280,280,826218,12997,769184,3627,TowerA_Floors70_TowerB_Floors70_TowerA_Rotation20_TowerB_Rotation0_001.png,TowerA_Floors70_TowerB_Floors70_TowerA_Rotation20_TowerB_Rotation0.json
30,30,30,0,210212,87575,120,120,350244,7377,363189,122637,TowerA_Floors30_TowerB_Floors30_TowerA_Rotation30_TowerB_Rotation0_001.png,TowerA_Floors30_TowerB_Floors30_TowerA_Rotation30_TowerB_Rotation0.json
40,30,30,0,210212,100055,160,120,400170,8028,400879,110157,TowerA_Floors40_TowerB_Floors30_TowerA_Rotation30_TowerB_Rotation0_001.png,TowerA_Floors40_TowerB_Floors30_TowerA_Rotation30_TowerB_Rotation0.json
50,30,30,0,210212,112537,200,120,450096,8704,453654,97675,TowerA_Floors50_TowerB_Floors30_TowerA_Rotation30_TowerB_Rotation0_001.png,TowerA_Floors50_TowerB_Floors30_TowerA_Rotation30_TowerB_Rotation0.json
60,30,30,0,210212,125019,240,120,500022,9367,515463,85193,TowerA_Floors60_TowerB_Floors30_TowerA_Rotation30_TowerB_Rotation0_001.png,TowerA_Floors60_TowerB_Floors30_TowerA_Rotation30_TowerB_Rotation0.json
70,30,30,0,210212,137505,280,120,549947,10001,562353,72707,TowerA_Floors70_TowerB_Floors30_TowerA_Rotation30_TowerB_Rotation0_001.png,TowerA_Floors70_TowerB_Floors30_TowerA_Rotation30_TowerB_Rotation0.json
30,40,30,0,210212,104285,120,160,417066,7945,413995,105927,TowerA_Floors30_TowerB_Floors40_TowerA_Rotation30_TowerB_Rotation0_001.png,TowerA_Floors30_TowerB_Floors40_TowerA_Rotation30_TowerB_Rotation0.json
40,40,30,0,210212,116765,160,160,466992,8596,451685,93447,TowerA_Floors40_TowerB_Floors40_TowerA_Rotation30_TowerB_Rotation0_001.png,TowerA_Floors40_TowerB_Floors40_TowerA_Rotation30_TowerB_Rotation0.json
50,40,30,0,210212,129247,200,160,516918,9272,504460,80965,TowerA_Floors50_TowerB_Floors40_TowerA_Rotation30_TowerB_Rotation0_001.png,TowerA_Floors50_TowerB_Floors40_TowerA_Rotation30_TowerB_Rotation0.json
60,40,30,0,210212,141729,240,160,566844,9935,566269,68483,TowerA_Floors60_TowerB_Floors40_TowerA_Rotation30_TowerB_Rotation0_001.png,TowerA_Floors60_TowerB_Floors40_TowerA_Rotation30_TowerB_Rotation0.json
70,40,30,0,210212,154215,280,160,616769,10569,613159,55997,TowerA_Floors70_TowerB_Floors40_TowerA_Rotation30_TowerB_Rotation0_001.png,TowerA_Floors70_TowerB_Floors40_TowerA_Rotation30_TowerB_Rotation0.json
30,50,30,0,210212,120995,120,200,483888,8676,483764,89217,TowerA_Floors30_TowerB_Floors50_TowerA_Rotation30_TowerB_Rotation0_001.png,TowerA_Floors30_TowerB_Floors50_TowerA_Rotation30_TowerB_Rotation0.json
40,50,30,0,210212,133475,160,200,533814,9327,521454,76737,TowerA_Floors40_TowerB_Floors50_TowerA_Rotation30_TowerB_Rotation0_001.png,TowerA_Floors40_TowerB_Floors50_TowerA_Rotation30_TowerB_Rotation0.json
50,50,30,0,210212,145957,200,200,583740,10003,574229,64255,TowerA_Floors50_TowerB_Floors50_TowerA_Rotation30_TowerB_Rotation0_001.png,TowerA_Floors50_TowerB_Floors50_TowerA_Rotation30_TowerB_Rotation0.json
60,50,30,0,210212,158439,240,200,633666,10666,636038,51773,TowerA_Floors60_TowerB_Floors50_TowerA_Rotation30_TowerB_Rotation0_001.png,TowerA_Floors60_TowerB_Floors50_TowerA_Rotation30_TowerB_Rotation0.json
70,50,30,0,210212,170925,280,200,683591,11300,682928,39287,TowerA_Floors70_TowerB_Floors50_TowerA_Rotation30_TowerB_Rotation0_001.png,TowerA_Floors70_TowerB_Floors50_TowerA_Rotation30_TowerB_Rotation0.json
30,60,30,0,210212,137705,120,240,550710,9416,540307,72507,TowerA_Floors30_TowerB_Floors60_TowerA_Rotation30_TowerB_Rotation0_001.png,TowerA_Floors30_TowerB_Floors60_TowerA_Rotation30_TowerB_Rotation0.json
40,60,30,0,210212,150185,160,240,600636,10067,577997,60027,TowerA_Floors40_TowerB_Floors60_TowerA_Rotation30_TowerB_Rotation0_001.png,TowerA_Floors40_TowerB_Floors60_TowerA_Rotation30_TowerB_Rotation0.json
50,60,30,0,210212,162667,200,240,650562,10743,630772,47545,TowerA_Floors50_TowerB_Floors60_TowerA_Rotation30_TowerB_Rotation0_001.png,TowerA_Floors50_TowerB_Floors60_TowerA_Rotation30_TowerB_Rotation0.json
60,60,30,0,210212,175149,240,240,700488,11406,692581,35063,TowerA_Floors60_TowerB_Floors60_TowerA_Rotation30_TowerB_Rotation0_001.png,TowerA_Floors60_TowerB_Floors60_TowerA_Rotation30_TowerB_Rotation0.json
70,60,30,0,210212,187635,280,240,750413,12040,739471,22577,TowerA_Floors70_TowerB_Floors60_TowerA_Rotation30_TowerB_Rotation0_001.png,TowerA_Floors70_TowerB_Floors60_TowerA_Rotation30_TowerB_Rotation0.json
30,70,30,0,210212,154415,120,280,617532,10156,570020,55797,TowerA_Floors30_TowerB_Floors70_TowerA_Rotation30_TowerB_Rotation0_001.png,TowerA_Floors30_TowerB_Floors70_TowerA_Rotation30_TowerB_Rotation0.json
40,70,30,0,210212,166895,160,280,667458,10807,607710,43317,TowerA_Floors40_TowerB_Floors70_TowerA_Rotation30_TowerB_Rotation0_001.png,TowerA_Floors40_TowerB_Floors70_TowerA_Rotation30_TowerB_Rotation0.json
50,70,30,0,210212,179377,200,280,717384,11483,660485,30835,TowerA_Floors50_TowerB_Floors70_TowerA_Rotation30_TowerB_Rotation0_001.png,TowerA_Floors50_TowerB_Floors70_TowerA_Rotation30_TowerB_Rotation0.json
60,70,30,0,210212,191859,240,280,767310,12146,722294,18353,TowerA_Floors60_TowerB_Floors70_TowerA_Rotation30_TowerB_Rotation0_001.png,TowerA_Floors60_TowerB_Floors70_TowerA_Rotation30_TowerB_Rotation0.json
70,70,30,0,210212,204345,280,280,817235,12780,769184,5867,TowerA_Floors70_TowerB_Floors70_TowerA_Rotation30_TowerB_Rotation0_001.png,TowerA_Floors70_TowerB_Floors70_TowerA_Rotation30_TowerB_Rotation0.json
30,30,0,15,210212,88725,120,120,354968,7396,363189,121487,TowerA_Floors30_TowerB_Floors30_TowerA_Rotation0_TowerB_Rotation15_001.png,TowerA_Floors30_TowerB_Floors30_TowerA_Rotation0_TowerB_Rotation15.json
40,30,0,15,210212,101785,160,120,407228,8141,400879,108427,TowerA_Floors40_TowerB_Floors30_TowerA_Rotation0_TowerB_Rotation15_001.png,TowerA_Floors40_TowerB_Floors30_TowerA_Rotation0_TowerB_Rotation15.json
50,30,0,15,210212,114845,200,120,459488,8886,453654,95367,TowerA_Floors50_TowerB_Floors30_TowerA_Rotation0_TowerB_Rotation15_001.png,TowerA_Floors50_TowerB_Floors30_TowerA_Rotation0_TowerB_Rotation15.json
60,30,0,15,210212,127905,240,120,511748,9631,515463,82307,TowerA_Floors60_TowerB_Floors30_TowerA_Rotation0_TowerB_Rotation15_001.png,TowerA_Floors60_TowerB_Floors30_TowerA_Rotation0_TowerB_Rotation15.json
70,30,0,15,210212,140965,280,120,564007,10376,562353,69247,TowerA_Floors70_TowerB_Floors30_TowerA_Rotation0_TowerB_Rotation15_001.png,TowerA_Floors70_TowerB_Floors30_TowerA_Rotation0_TowerB_Rotation15.json
30,40,0,15,210212,105245,120,160,421031,7829,413995,104967,TowerA_Floors30_TowerB_Floors40_TowerA_Rotation0_TowerB_Rotation15_001.png,TowerA_Floors30_TowerB_Floors40_TowerA_Rotation0_TowerB_Rotation15.json
40,40,0,15,210212,118305,160,160,473291,8574,451685,91907,TowerA_Floors40_TowerB_Floors40_TowerA_Rotation0_TowerB_Rotation15_001.png,TowerA_Floors40_TowerB_Floors40_TowerA_Rotation0_TowerB_Rotation15.json
50,40,0,15,210212,131365,200,160,525551,9319,504460,78847,TowerA_Floors50_TowerB_Floors40_TowerA_Rotation0_TowerB_Rotation15_001.png,TowerA_Floors50_TowerB_Floors40_TowerA_Rotation0_TowerB_Rotation15.json
60,40,0,15,210212,144425,240,160,577811,10064,566269,65787,TowerA_Floors60_TowerB_Floors40_TowerA_Rotation0_TowerB_Rotation15_001.png,TowerA_Floors60_TowerB_Floors40_TowerA_Rotation0_TowerB_Rotation15.json
70,40,0,15,210212,157485,280,160,630070,10809,613159,52727,TowerA_Floors70_TowerB_Floors40_TowerA_Rotation0_TowerB_Rotation15_001.png,TowerA_Floors70_TowerB_Floors40_TowerA_Rotation0_TowerB_Rotation15.json
30,50,0,15,210212,121759,120,200,487094,8483,483764,88453,TowerA_Floors30_TowerB_Floors50_TowerA_Rotation0_TowerB_Rotation15_001.png,TowerA_Floors30_TowerB_Floors50_TowerA_Rotation0_TowerB_Rotation15.json
40,50,0,15,210212,134819,160,200,539354,9228,521454,75393,TowerA_Floors40_TowerB_Floors50_TowerA_Rotation0_TowerB_Rotation15_001.png,TowerA_Floors40_TowerB_Floors50_TowerA_Rotation0_TowerB_Rotation15.json
50,50,0,15,210212,147879,200,200,591614,9973,574229,62333,TowerA_Floors50_TowerB_Floors50_TowerA_Rotation0_TowerB_Rotation15_001.png,TowerA_Floors50_TowerB_Floors50_TowerA_Rotation0_TowerB_Rotation15.json
60,50,0,15,210212,160939,240,200,643874,10718,636038,49273,TowerA_Floors60_TowerB_Floors50_TowerA_Rotation0_TowerB_Rotation15_001.png,TowerA_Floors60_TowerB_Floors50_TowerA_Rotation0_TowerB_Rotation15.json
70,50,0,15,210212,173999,280,200,696133,11463,682928,36213,TowerA_Floors70_TowerB_Floors50_TowerA_Rotation0_TowerB_Rotation15_001.png,TowerA_Floors70_TowerB_Floors50_TowerA_Rotation0_TowerB_Rotation15.json
30,60,0,15,210212,138273,120,240,553157,9138,540307,71939,TowerA_Floors30_TowerB_Floors60_TowerA_Rotation0_TowerB_Rotation15_001.png,TowerA_Floors30_TowerB_Floors60_TowerA_Rotation0_TowerB_Rotation15.json
40,60,0,15,210212,151333,160,240,605417,9883,577997,58879,TowerA_Floors40_TowerB_Floors60_TowerA_Rotation0_TowerB_Rotation15_001.png,TowerA_Floors40_TowerB_Floors60_TowerA_Rotation0_TowerB_Rotation15.json
50,60,0,15,210212,164393,200,240,657677,10628,630772,45819,TowerA_Floors50_TowerB_Floors60_TowerA_Rotation0_TowerB_Rotation15_001.png,TowerA_Floors50_TowerB_Floors60_TowerA_Rotation0_TowerB_Rotation15.json
60,60,0,15,210212,177453,240,240,709937,11373,692581,32759,TowerA_Floors60_TowerB_Floors60_TowerA_Rotation0_TowerB_Rotation15_001.png,TowerA_Floors60_TowerB_Floors60_TowerA_Rotation0_TowerB_Rotation15.json
70,60,0,15,210212,190513,280,240,762196,12118,739471,19699,TowerA_Floors70_TowerB_Floors60_TowerA_Rotation0_TowerB_Rotation15_001.png,TowerA_Floors70_TowerB_Floors60_TowerA_Rotation0_TowerB_Rotation15.json
30,70,0,15,210212,154785,120,280,619220,9792,570020,55427,TowerA_Floors30_TowerB_Floors70_TowerA_Rotation0_TowerB_Rotation15_001.png,TowerA_Floors30_TowerB_Floors70_TowerA_Rotation0_TowerB_Rotation15.json
40,70,0,15,210212,167845,160,280,671480,10537,607710,42367,TowerA_Floors40_TowerB_Floors70_TowerA_Rotation0_TowerB_Rotation15_001.png,TowerA_Floors40_TowerB_Floors70_TowerA_Rotation0_TowerB_Rotation15.json
50,70,0,15,210212,180905,200,280,723740,11282,660485,29307,TowerA_Floors50_TowerB_Floors70_TowerA_Rotation0_TowerB_Rotation15_001.png,TowerA_Floors50_TowerB_Floors70_TowerA_Rotation0_TowerB_Rotation15.json
60,70,0,15,210212,193965,240,280,776000,12027,722294,16247,TowerA_Floors60_TowerB_Floors70_TowerA_Rotation0_TowerB_Rotation15_001.png,TowerA_Floors60_TowerB_Floors70_TowerA_Rotation0_TowerB_Rotation15.json
70,70,0,15,210212,207025,280,280,828259,12772,769184,3187,TowerA_Floors70_TowerB_Floors70_TowerA_Rotation0_TowerB_Rotation15_001.png,TowerA_Floors70_TowerB_Floors70_TowerA_Rotation0_TowerB_Rotation15.json
30,30,10,15,210212,88542,120,120,354174,7332,363189,121670,TowerA_Floors30_TowerB_Floors30_TowerA_Rotation10_TowerB_Rotation15_001.png,TowerA_Floors30_TowerB_Floors30_TowerA_Rotation10_TowerB_Rotation15.json
40,30,10,15,210212,101544,160,120,406169,8056,400879,108668,TowerA_Floors40_TowerB_Floors30_TowerA_Rotation10_TowerB_Rotation15_001.png,TowerA_Floors40_TowerB_Floors30_TowerA_Rotation10_TowerB_Rotation15.json
50,30,10,15,210212,114542,200,120,458165,8779,453654,95670,TowerA_Floors50_TowerB_Floors30_TowerA_Rotation10_TowerB_Rotation15_001.png,TowerA_Floors50_TowerB_Floors30_TowerA_Rotation10_TowerB_Rotation15.json
60,30,10,15,210212,127538,240,120,510160,9503,515463,82674,TowerA_Floors60_TowerB_Floors30_TowerA_Rotation10_TowerB_Rotation15_001.png,TowerA_Floors60_TowerB_Floors30_TowerA_Rotation10_TowerB_Rotation15.json
70,30,10,15,210212,140536,280,120,562155,10226,562353,69676,TowerA_Floors70_TowerB_Floors30_TowerA_Rotation10_TowerB_Rotation15_001.png,TowerA_Floors70_TowerB_Floors30_TowerA_Rotation10_TowerB_Rotation15.json
30,40,10,15,210212,105062,120,160,420237,7765,413995,105150,TowerA_Floors30_TowerB_Floors40_TowerA_Rotation10_TowerB_Rotation15_001.png,TowerA_Floors30_TowerB_Floors40_TowerA_Rotation10_TowerB_Rotation15.json
40,40,10,15,210212,118064,160,160,472232,8489,451685,92148,TowerA_Floors40_TowerB_Floors40_TowerA_Rotation10_TowerB_Rotation15_001.png,TowerA_Floors40_TowerB_Floors40_TowerA_Rotation10_TowerB_Rotation15.json
50,40,10,15,210212,131062,200,160,524228,9212,504460,79150,TowerA_Floors50_TowerB_Floors40_TowerA_Rotation10_TowerB_Rotation15_001.png,TowerA_Floors50_TowerB_Floors40_TowerA_Rotation10_TowerB_Rotation15.json
60,40,10,15,210212,144058,240,160,576223,9936,566269,66154,TowerA_Floors60_TowerB_Floors40_TowerA_Rotation10_TowerB_Rotation15_001.png,TowerA_Floors60_TowerB_Floors40_TowerA_Rotation10_TowerB_Rotation15.json
70,40,10,15,210212,157056,280,160,628218,10659,613159,53156,TowerA_Floors70_TowerB_Floors40_TowerA_Rotation10_TowerB_Rotation15_001.png,TowerA_Floors70_TowerB_Floors40_TowerA_Rotation10_TowerB_Rotation15.json
30,50,10,15,210212,121576,120,200,486300,8419,483764,88636,TowerA_Floors30_TowerB_Floors50_TowerA_Rotation10_TowerB_Rotation15_001.png,TowerA_Floors30_TowerB_Floors50_TowerA_Rotation10_TowerB_Rotation15.json
40,50,10,15,210212,134578,160,200,538295,9143,521454,75634,TowerA_Floors40_TowerB_Floors50_TowerA_Rotation10_TowerB_Rotation15_001.png,TowerA_Floors40_TowerB_Floors50_TowerA_Rotation10_TowerB_Rotation15.json
50,50,10,15,210212,147576,200,200,590291,9866,574229,62636,TowerA_Floors50_TowerB_Floors50_TowerA_Rotation10_TowerB_Rotation15_001.png,TowerA_Floors50_TowerB_Floors50_TowerA_Rotation10_TowerB_Rotation15.json
60,50,10,15,210212,160572,240,200,642286,10590,636038,49640,TowerA_Floors60_TowerB_Floors50_TowerA_Rotation10_TowerB_Rotation15_001.png,TowerA_Floors60_TowerB_Floors50_TowerA_Rotation10_TowerB_Rotation15.json
70,50,10,15,210212,173570,280,200,694281,11313,682928,36642,TowerA_Floors70_TowerB_Floors50_TowerA_Rotation10_TowerB_Rotation15_001.png,TowerA_Floors70_TowerB_Floors50_TowerA_Rotation10_TowerB_Rotation15.json
30,60,10,15,210212,138090,120,240,552363,9074,540307,72122,TowerA_Floors30_TowerB_Floors60_TowerA_Rotation10_TowerB_Rotation15_001.png,TowerA_Floors30_TowerB_Floors60_TowerA_Rotation10_TowerB_Rotation15.json
40,60,10,15,210212,151092,160,240,604358,9798,577997,59120,TowerA_Floors40_TowerB_Floors60_TowerA_Rotation10_TowerB_Rotation15_001.png,TowerA_Floors40_TowerB_Floors60_TowerA_Rotation10_TowerB_Rotation15.json
50,60,10,15,210212,164090,200,240,656354,10521,630772,46122,TowerA_Floors50_TowerB_Floors60_TowerA_Rotation10_TowerB_Rotation15_001.png,TowerA_Floors50_TowerB_Floors60_TowerA_Rotation10_TowerB_Rotation15.json
60,60,10,15,210212,177086,240,240,708349,11245,692581,33126,TowerA_Floors60_TowerB_Floors60_TowerA_Rotation10_TowerB_Rotation15_001.png,TowerA_Floors60_TowerB_Floors60_TowerA_Rotation10_TowerB_Rotation15.json
70,60,10,15,210212,190084,280,240,760344,11968,739471,20128,TowerA_Floors70_TowerB_Floors60_TowerA_Rotation10_TowerB_Rotation15_001.png,TowerA_Floors70_TowerB_Floors60_TowerA_Rotation10_TowerB_Rotation15.json
30,70,10,15,210212,154602,120,280,618426,9728,570020,55610,TowerA_Floors30_TowerB_Floors70_TowerA_Rotation10_TowerB_Rotation15_001.png,TowerA_Floors30_TowerB_Floors70_TowerA_Rotation10_TowerB_Rotation15.json
40,70,10,15,210212,167604,160,280,670421,10452,607710,42608,TowerA_Floors40_TowerB_Floors70_TowerA_Rotation10_TowerB_Rotation15_001.png,TowerA_Floors40_TowerB_Floors70_TowerA_Rotation10_TowerB_Rotation15.json
50,70,10,15,210212,180602,200,280,722417,11175,660485,29610,TowerA_Floors50_TowerB_Floors70_TowerA_Rotation10_TowerB_Rotation15_001.png,TowerA_Floors50_TowerB_Floors70_TowerA_Rotation10_TowerB_Rotation15.json
60,70,10,15,210212,193598,240,280,774412,11899,722294,16614,TowerA_Floors60_TowerB_Floors70_TowerA_Rotation10_TowerB_Rotation15_001.png,TowerA_Floors60_TowerB_Floors70_TowerA_Rotation10_TowerB_Rotation15.json
70,70,10,15,210212,206596,280,280,826407,12622,769184,3616,TowerA_Floors70_TowerB_Floors70_TowerA_Rotation10_TowerB_Rotation15_001.png,TowerA_Floors70_TowerB_Floors70_TowerA_Rotation10_TowerB_Rotation15.json
30,30,20,15,210212,87950,120,120,351817,7240,363189,122262,TowerA_Floors30_TowerB_Floors30_TowerA_Rotation20_TowerB_Rotation15_001.png,TowerA_Floors30_TowerB_Floors30_TowerA_Rotation20_TowerB_Rotation15.json
40,30,20,15,210212,100754,160,120,403026,7928,400879,109458,TowerA_Floors40_TowerB_Floors30_TowerA_Rotation20_TowerB_Rotation15_001.png,TowerA_Floors40_TowerB_Floors30_TowerA_Rotation20_TowerB_Rotation15.json
50,30,20,15,210212,113552,200,120,454235,8619,453654,96660,TowerA_Floors50_TowerB_Floors30_TowerA_Rotation20_TowerB_Rotation15_001.png,TowerA_Floors50_TowerB_Floors30_TowerA_Rotation20_TowerB_Rotation15.json
60,30,20,15,210212,126352,240,120,505444,9311,515463,83860,TowerA_Floors60_TowerB_Floors30_TowerA_Rotation20_TowerB_Rotation15_001.png,TowerA_Floors60_TowerB_Floors30_TowerA_Rotation20_TowerB_Rotation15.json
70,30,20,15,210212,139160,280,120,556653,10002,562353,71052,TowerA_Floors70_TowerB_Floors30_TowerA_Rotation20_TowerB_Rotation15_001.png,TowerA_Floors70_TowerB_Floors30_TowerA_Rotation20_TowerB_Rotation15.json
30,40,20,15,210212,104470,120,160,417880,7673,413995,105742,TowerA_Floors30_TowerB_Floors40_TowerA_Rotation20_TowerB_Rotation15_001.png,TowerA_Floors30_TowerB_Floors40_TowerA_Rotation20_TowerB_Rotation15.json
40,40,20,15,210212,117274,160,160,469089,8361,451685,92938,TowerA_Floors40_TowerB_Floors40_TowerA_Rotation20_TowerB_Rotation15_001.png,TowerA_Floors40_TowerB_Floors40_TowerA_Rotation20_TowerB_Rotation15.json
50,40,20,15,210212,130072,200,160,520298,9052,504460,80140,TowerA_Floors50_TowerB_Floors40_TowerA_Rotation20_TowerB_Rotation15_001.png,TowerA_Floors50_TowerB_Floors40_TowerA_Rotation20_TowerB_Rotation15.json
60,40,20,15,210212,142872,240,160,571507,9744,566269,67340,TowerA_Floors60_TowerB_Floors40_TowerA_Rotation20_TowerB_Rotation15_001.png,TowerA_Floors60_TowerB_Floors40_TowerA_Rotation20_TowerB_Rotation15.json
70,40,20,15,210212,155680,280,160,622716,10435,613159,54532,TowerA_Floors70_TowerB_Floors40_TowerA_Rotation20_TowerB_Rotation15_001.png,TowerA_Floors70_TowerB_Floors40_TowerA_Rotation20_TowerB_Rotation15.json
30,50,20,15,210212,120984,120,200,483943,8327,483764,89228,TowerA_Floors30_TowerB_Floors50_TowerA_Rotation20_TowerB_Rotation15_001.png,TowerA_Floors30_TowerB_Floors50_TowerA_Rotation20_TowerB_Rotation15.json
40,50,20,15,210212,133788,160,200,535152,9015,521454,76424,TowerA_Floors40_TowerB_Floors50_TowerA_Rotation20_TowerB_Rotation15_001.png,TowerA_Floors40_TowerB_Floors50_TowerA_Rotation20_TowerB_Rotation15.json
50,50,20,15,210212,146586,200,200,586361,9706,574229,63626,TowerA_Floors50_TowerB_Floors50_TowerA_Rotation20_TowerB_Rotation15_001.png,TowerA_Floors50_TowerB_Floors50_TowerA_Rotation20_TowerB_Rotation15.json
60,50,20,15,210212,159386,240,200,637570,10398,636038,50826,TowerA_Floors60_TowerB_Floors50_TowerA_Rotation20_TowerB_Rotation15_001.png,TowerA_Floors60_TowerB_Floors50_TowerA_Rotation20_TowerB_Rotation15.json
70,50,20,15,210212,172194,280,200,688779,11089,682928,38018,TowerA_Floors70_TowerB_Floors50_TowerA_Rotation20_TowerB_Rotation15_001.png,TowerA_Floors70_TowerB_Floors50_TowerA_Rotation20_TowerB_Rotation15.json
30,60,20,15,210212,137498,120,240,550006,8982,540307,72714,TowerA_Floors30_TowerB_Floors60_TowerA_Rotation20_TowerB_Rotation15_001.png,TowerA_Floors30_TowerB_Floors60_TowerA_Rotation20_TowerB_Rotation15.json
40,60,20,15,210212,150302,160,240,601215,9670,577997,59910,TowerA_Floors40_TowerB_Floors60_TowerA_Rotation20_TowerB_Rotation15_001.png,TowerA_Floors40_TowerB_Floors60_TowerA_Rotation20_TowerB_Rotation15.json
50,60,20,15,210212,163100,200,240,652424,10361,630772,47112,TowerA_Floors50_TowerB_Floors60_TowerA_Rotation20_TowerB_Rotation15_001.png,TowerA_Floors50_TowerB_Floors60_TowerA_Rotation20_TowerB_Rotation15.json
60,60,20,15,210212,175900,240,240,703633,11053,692581,34312,TowerA_Floors60_TowerB_Floors60_TowerA_Rotation20_TowerB_Rotation15_001.png,TowerA_Floors60_TowerB_Floors60_TowerA_Rotation20_TowerB_Rotation15.json
70,60,20,15,210212,188708,280,240,754842,11744,739471,21504,TowerA_Floors70_TowerB_Floors60_TowerA_Rotation20_TowerB_Rotation15_001.png,TowerA_Floors70_TowerB_Floors60_TowerA_Rotation20_TowerB_Rotation15.json
30,70,20,15,210212,154010,120,280,616069,9636,570020,56202,TowerA_Floors30_TowerB_Floors70_TowerA_Rotation20_TowerB_Rotation15_001.png,TowerA_Floors30_TowerB_Floors70_TowerA_Rotation20_TowerB_Rotation15.json
40,70,20,15,210212,166814,160,280,667278,10324,607710,43398,TowerA_Floors40_TowerB_Floors70_TowerA_Rotation20_TowerB_Rotation15_001.png,TowerA_Floors40_TowerB_Floors70_TowerA_Rotation20_TowerB_Rotation15.json
50,70,20,15,210212,179612,200,280,718487,11015,660485,30600,TowerA_Floors50_TowerB_Floors70_TowerA_Rotation20_TowerB_Rotation15_001.png,TowerA_Floors50_TowerB_Floors70_TowerA_Rotation20_TowerB_Rotation15.json
60,70,20,15,210212,192412,240,280,769696,11707,722294,17800,TowerA_Floors60_TowerB_Floors70_TowerA_Rotation20_TowerB_Rotation15_001.png,TowerA_Floors60_TowerB_Floors70_TowerA_Rotation20_TowerB_Rotation15.json
70,70,20,15,210212,205220,280,280,820905,12398,769184,4992,TowerA_Floors70_TowerB_Floors70_TowerA_Rotation20_TowerB_Rotation15_001.png,TowerA_Floors70_TowerB_Floors70_TowerA_Rotation20_TowerB_Rotation15.json
30,30,30,15,210212,86990,120,120,347967,7161,363189,123222,TowerA_Floors30_TowerB_Floors30_TowerA_Rotation30_TowerB_Rotation15_001.png,TowerA_Floors30_TowerB_Floors30_TowerA_Rotation30_TowerB_Rotation15.json
40,30,30,15,210212,99470,160,120,397893,7812,400879,110742,TowerA_Floors40_TowerB_Floors30_TowerA_Rotation30_TowerB_Rotation15_001.png,TowerA_Floors40_TowerB_Floors30_TowerA_Rotation30_TowerB_Rotation15.json
50,30,30,15,210212,111952,200,120,447819,8488,453654,98260,TowerA_Floors50_TowerB_Floors30_TowerA_Rotation30_TowerB_Rotation15_001.png,TowerA_Floors50_TowerB_Floors30_TowerA_Rotation30_TowerB_Rotation15.json
60,30,30,15,210212,124434,240,120,497745,9151,515463,85778,TowerA_Floors60_TowerB_Floors30_TowerA_Rotation30_TowerB_Rotation15_001.png,TowerA_Floors60_TowerB_Floors30_TowerA_Rotation30_TowerB_Rotation15.json
70,30,30,15,210212,136920,280,120,547670,9785,562353,73292,TowerA_Floors70_TowerB_Floors30_TowerA_Rotation30_TowerB_Rotation15_001.png,TowerA_Floors70_TowerB_Floors30_TowerA_Rotation30_TowerB_Rotation15.json
30,40,30,15,210212,103510,120,160,414030,7594,413995,106702,TowerA_Floors30_TowerB_Floors40_TowerA_Rotation30_TowerB_Rotation15_001.png,TowerA_Floors30_TowerB_Floors40_TowerA_Rotation30_TowerB_Rotation15.json
40,40,30,15,210212,115990,160,160,463956,8245,451685,94222,TowerA_Floors40_TowerB_Floors40_TowerA_Rotation30_TowerB_Rotation15_001.png,TowerA_Floors40_TowerB_Floors40_TowerA_Rotation30_TowerB_Rotation15.json
50,40,30,15,210212,128472,200,160,513882,8921,504460,81740,TowerA_Floors50_TowerB_Floors40_TowerA_Rotation30_TowerB_Rotation15_001.png,TowerA_Floors50_TowerB_Floors40_TowerA_Rotation30_TowerB_Rotation15.json
60,40,30,15,210212,140954,240,160,563808,9584,566269,69258,TowerA_Floors60_TowerB_Floors40_TowerA_Rotation30_TowerB_Rotation15_001.png,TowerA_Floors60_TowerB_Floors40_TowerA_Rotation30_TowerB_Rotation15.json
70,40,30,15,210212,153440,280,160,613733,10218,613159,56772,TowerA_Floors70_TowerB_Floors40_TowerA_Rotation30_TowerB_Rotation15_001.png,TowerA_Floors70_TowerB_Floors40_TowerA_Rotation30_TowerB_Rotation15.json
30,50,30,15,210212,120024,120,200,480093,8248,483764,90188,TowerA_Floors30_TowerB_Floors50_TowerA_Rotation30_TowerB_Rotation15_001.png,TowerA_Floors30_TowerB_Floors50_TowerA_Rotation30_TowerB_Rotation15.json
40,50,30,15,210212,132504,160,200,530019,8899,521454,77708,TowerA_Floors40_TowerB_Floors50_TowerA_Rotation30_TowerB_Rotation15_001.png,TowerA_Floors40_TowerB_Floors50_TowerA_Rotation30_TowerB_Rotation15.json
50,50,30,15,210212,144986,200,200,579945,9575,574229,65226,TowerA_Floors50_TowerB_Floors50_TowerA_Rotation30_TowerB_Rotation15_001.png,TowerA_Floors50_TowerB_Floors50_TowerA_Rotation30_TowerB_Rotation15.json
60,50,30,15,210212,157468,240,200,629871,10238,636038,52744,TowerA_Floors60_TowerB_Floors50_TowerA_Rotation30_TowerB_Rotation15_001.png,TowerA_Floors60_TowerB_Floors50_TowerA_Rotation30_TowerB_Rotation15.json
70,50,30,15,210212,169954,280,200,679796,10872,682928,40258,TowerA_Floors70_TowerB_Floors50_TowerA_Rotation30_TowerB_Rotation15_001.png,TowerA_Floors70_TowerB_Floors50_TowerA_Rotation30_TowerB_Rotation15.json
30,60,30,15,210212,136538,120,240,546156,8903,540307,73674,TowerA_Floors30_TowerB_Floors60_TowerA_Rotation30_TowerB_Rotation15_001.png,TowerA_Floors30_TowerB_Floors60_TowerA_Rotation30_TowerB_Rotation15.json
40,60,30,15,210212,149018,160,240,596082,9554,577997,61194,TowerA_Floors40_TowerB_Floors60_TowerA_Rotation30_TowerB_Rotation15_001.png,TowerA_Floors40_TowerB_Floors60_TowerA_Rotation30_TowerB_Rotation15.json
50,60,30,15,210212,161500,200,240,646008,10230,630772,48712,TowerA_Floors50_TowerB_Floors60_TowerA_Rotation30_TowerB_Rotation15_001.png,TowerA_Floors50_TowerB_Floors60_TowerA_Rotation30_TowerB_Rotation15.json
60,60,30,15,210212,173982,240,240,695934,10893,692581,36230,TowerA_Floors60_TowerB_Floors60_TowerA_Rotation30_TowerB_Rotation15_001.png,TowerA_Floors60_TowerB_Floors60_TowerA_Rotation30_TowerB_Rotation15.json
70,60,30,15,210212,186468,280,240,745859,11527,739471,23744,TowerA_Floors70_TowerB_Floors60_TowerA_Rotation30_TowerB_Rotation15_001.png,TowerA_Floors70_TowerB_Floors60_TowerA_Rotation30_TowerB_Rotation15.json
30,70,30,15,210212,153050,120,280,612219,9557,570020,57162,TowerA_Floors30_TowerB_Floors70_TowerA_Rotation30_TowerB_Rotation15_001.png,TowerA_Floors30_TowerB_Floors70_TowerA_Rotation30_TowerB_Rotation15.json
40,70,30,15,210212,165530,160,280,662145,10208,607710,44682,TowerA_Floors40_TowerB_Floors70_TowerA_Rotation30_TowerB_Rotation15_001.png,TowerA_Floors40_TowerB_Floors70_TowerA_Rotation30_TowerB_Rotation15.json
50,70,30,15,210212,178012,200,280,712071,10884,660485,32200,TowerA_Floors50_TowerB_Floors70_TowerA_Rotation30_TowerB_Rotation15_001.png,TowerA_Floors50_TowerB_Floors70_TowerA_Rotation30_TowerB_Rotation15.json
60,70,30,15,210212,190494,240,280,761997,11547,722294,19718,TowerA_Floors60_TowerB_Floors70_TowerA_Rotation30_TowerB_Rotation15_001.png,TowerA_Floors60_TowerB_Floors70_TowerA_Rotation30_TowerB_Rotation15.json
70,70,30,15,210212,202980,280,280,811922,12181,769184,7232,TowerA_Floors70_TowerB_Floors70_TowerA_Rotation30_TowerB_Rotation15_001.png,TowerA_Floors70_TowerB_Floors70_TowerA_Rotation30_TowerB_Rotation15.json
30,30,0,30,210212,87062,120,120,348293,7245,363189,123150,TowerA_Floors30_TowerB_Floors30_TowerA_Rotation0_TowerB_Rotation30_001.png,TowerA_Floors30_TowerB_Floors30_TowerA_Rotation0_TowerB_Rotation30.json
40,30,0,30,210212,100122,160,120,400553,7990,400879,110090,TowerA_Floors40_TowerB_Floors30_TowerA_Rotation0_TowerB_Rotation30_001.png,TowerA_Floors40_TowerB_Floors30_TowerA_Rotation0_TowerB_Rotation30.json
50,30,0,30,210212,113182,200,120,452813,8735,453654,97030,TowerA_Floors50_TowerB_Floors30_TowerA_Rotation0_TowerB_Rotation30_001.png,TowerA_Floors50_TowerB_Floors30_TowerA_Rotation0_TowerB_Rotation30.json
60,30,0,30,210212,126242,240,120,505073,9480,515463,83970,TowerA_Floors60_TowerB_Floors30_TowerA_Rotation0_TowerB_Rotation30_001.png,TowerA_Floors60_TowerB_Floors30_TowerA_Rotation0_TowerB_Rotation30.json
70,30,0,30,210212,139302,280,120,557332,10225,562353,70910,TowerA_Floors70_TowerB_Floors30_TowerA_Rotation0_TowerB_Rotation30_001.png,TowerA_Floors70_TowerB_Floors30_TowerA_Rotation0_TowerB_Rotation30.json
30,40,0,30,210212,103020,120,160,412130,7568,413995,107192,TowerA_Floors30_TowerB_Floors40_TowerA_Rotation0_TowerB_Rotation30_001.png,TowerA_Floors30_TowerB_Floors40_TowerA_Rotation0_TowerB_Rotation30.json
40,40,0,30,210212,116080,160,160,464390,8313,451685,94132,TowerA_Floors40_TowerB_Floors40_TowerA_Rotation0_TowerB_Rotation30_001.png,TowerA_Floors40_TowerB_Floors40_TowerA_Rotation0_TowerB_Rotation30.json
50,40,0,30,210212,129140,200,160,516650,9058,504460,81072,TowerA_Floors50_TowerB_Floors40_TowerA_Rotation0_TowerB_Rotation30_001.png,TowerA_Floors50_TowerB_Floors40_TowerA_Rotation0_TowerB_Rotation30.json
60,40,0,30,210212,142200,240,160,568910,9803,566269,68012,TowerA_Floors60_TowerB_Floors40_TowerA_Rotation0_TowerB_Rotation30_001.png,TowerA_Floors60_TowerB_Floors40_TowerA_Rotation0_TowerB_Rotation30.json
70,40,0,30,210212,155260,280,160,621169,10548,613159,54952,TowerA_Floors70_TowerB_Floors40_TowerA_Rotation0_TowerB_Rotation30_001.png,TowerA_Floors70_TowerB_Floors40_TowerA_Rotation0_TowerB_Rotation30.json
30,50,0,30,210212,118976,120,200,475968,8140,483764,91236,TowerA_Floors30_TowerB_Floors50_TowerA_Rotation0_TowerB_Rotation30_001.png,TowerA_Floors30_TowerB_Floors50_TowerA_Rotation0_TowerB_Rotation30.json
40,50,0,30,210212,132036,160,200,528228,8885,521454,78176,TowerA_Floors40_TowerB_Floors50_TowerA_Rotation0_TowerB_Rotation30_001.png,TowerA_Floors40_TowerB_Floors50_TowerA_Rotation0_TowerB_Rotation30.json
50,50,0,30,210212,145096,200,200,580488,9630,574229,65116,TowerA_Floors50_TowerB_Floors50_TowerA_Rotation0_TowerB_Rotation30_001.png,TowerA_Floors50_TowerB_Floors50_TowerA_Rotation0_TowerB_Rotation30.json
60,50,0,30,210212,158156,240,200,632748,10375,636038,52056,TowerA_Floors60_TowerB_Floors50_TowerA_Rotation0_TowerB_Rotation30_001.png,TowerA_Floors60_TowerB_Floors50_TowerA_Rotation0_TowerB_Rotation30.json
70,50,0,30,210212,171216,280,200,685007,11120,682928,38996,TowerA_Floors70_TowerB_Floors50_TowerA_Rotation0_TowerB_Rotation30_001.png,TowerA_Floors70_TowerB_Floors50_TowerA_Rotation0_TowerB_Rotation30.json
30,60,0,30,210212,134942,120,240,539806,8653,540307,75270,TowerA_Floors30_TowerB_Floors60_TowerA_Rotation0_TowerB_Rotation30_001.png,TowerA_Floors30_TowerB_Floors60_TowerA_Rotation0_TowerB_Rotation30.json
40,60,0,30,210212,148002,160,240,592066,9398,577997,62210,TowerA_Floors40_TowerB_Floors60_TowerA_Rotation0_TowerB_Rotation30_001.png,TowerA_Floors40_TowerB_Floors60_TowerA_Rotation0_TowerB_Rotation30.json
50,60,0,30,210212,161062,200,240,644326,10143,630772,49150,TowerA_Floors50_TowerB_Floors60_TowerA_Rotation0_TowerB_Rotation30_001.png,TowerA_Floors50_TowerB_Floors60_TowerA_Rotation0_TowerB_Rotation30.json
60,60,0,30,210212,174122,240,240,696586,10888,692581,36090,TowerA_Floors60_TowerB_Floors60_TowerA_Rotation0_TowerB_Rotation30_001.png,TowerA_Floors60_TowerB_Floors60_TowerA_Rotation0_TowerB_Rotation30.json
70,60,0,30,210212,187182,280,240,748845,11633,739471,23030,TowerA_Floors70_TowerB_Floors60_TowerA_Rotation0_TowerB_Rotation30_001.png,TowerA_Floors70_TowerB_Floors60_TowerA_Rotation0_TowerB_Rotation30.json
30,70,0,30,210212,150894,120,280,603644,9213,570020,59318,TowerA_Floors30_TowerB_Floors70_TowerA_Rotation0_TowerB_Rotation30_001.png,TowerA_Floors30_TowerB_Floors70_TowerA_Rotation0_TowerB_Rotation30.json
40,70,0,30,210212,163954,160,280,655904,9958,607710,46258,TowerA_Floors40_TowerB_Floors70_TowerA_Rotation0_TowerB_Rotation30_001.png,TowerA_Floors40_TowerB_Floors70_TowerA_Rotation0_TowerB_Rotation30.json
50,70,0,30,210212,177014,200,280,708164,10703,660485,33198,TowerA_Floors50_TowerB_Floors70_TowerA_Rotation0_TowerB_Rotation30_001.png,TowerA_Floors50_TowerB_Floors70_TowerA_Rotation0_TowerB_Rotation30.json
60,70,0,30,210212,190074,240,280,760424,11448,722294,20138,TowerA_Floors60_TowerB_Floors70_TowerA_Rotation0_TowerB_Rotation30_001.png,TowerA_Floors60_TowerB_Floors70_TowerA_Rotation0_TowerB_Rotation30.json
70,70,0,30,210212,203134,280,280,812683,12193,769184,7078,TowerA_Floors70_TowerB_Floors70_TowerA_Rotation0_TowerB_Rotation30_001.png,TowerA_Floors70_TowerB_Floors70_TowerA_Rotation0_TowerB_Rotation30.json
30,30,10,30,210212,86879,120,120,347499,7181,363189,123333,TowerA_Floors30_TowerB_Floors30_TowerA_Rotation10_TowerB_Rotation30_001.png,TowerA_Floors30_TowerB_Floors30_TowerA_Rotation10_TowerB_Rotation30.json
40,30,10,30,210212,99881,160,120,399494,7905,400879,110331,TowerA_Floors40_TowerB_Floors30_TowerA_Rotation10_TowerB_Rotation30_001.png,TowerA_Floors40_TowerB_Floors30_TowerA_Rotation10_TowerB_Rotation30.json
50,30,10,30,210212,112879,200,120,451490,8628,453654,97333,TowerA_Floors50_TowerB_Floors30_TowerA_Rotation10_TowerB_Rotation30_001.png,TowerA_Floors50_TowerB_Floors30_TowerA_Rotation10_TowerB_Rotation30.json
60,30,10,30,210212,125875,240,120,503485,9352,515463,84337,TowerA_Floors60_TowerB_Floors30_TowerA_Rotation10_TowerB_Rotation30_001.png,TowerA_Floors60_TowerB_Floors30_TowerA_Rotation10_TowerB_Rotation30.json
70,30,10,30,210212,138873,280,120,555480,10075,562353,71339,TowerA_Floors70_TowerB_Floors30_TowerA_Rotation10_TowerB_Rotation30_001.png,TowerA_Floors70_TowerB_Floors30_TowerA_Rotation10_TowerB_Rotation30.json
30,40,10,30,210212,102837,120,160,411336,7504,413995,107375,TowerA_Floors30_TowerB_Floors40_TowerA_Rotation10_TowerB_Rotation30_001.png,TowerA_Floors30_TowerB_Floors40_TowerA_Rotation10_TowerB_Rotation30.json
40,40,10,30,210212,115839,160,160,463331,8228,451685,94373,TowerA_Floors40_TowerB_Floors40_TowerA_Rotation10_TowerB_Rotation30_001.png,TowerA_Floors40_TowerB_Floors40_TowerA_Rotation10_TowerB_Rotation30.json
50,40,10,30,210212,128837,200,160,515327,8951,504460,81375,TowerA_Floors50_TowerB_Floors40_TowerA_Rotation10_TowerB_Rotation30_001.png,TowerA_Floors50_TowerB_Floors40_TowerA_Rotation10_TowerB_Rotation30.json
60,40,10,30,210212,141833,240,160,567322,9675,566269,68379,TowerA_Floors60_TowerB_Floors40_TowerA_Rotation10_TowerB_Rotation30_001.png,TowerA_Floors60_TowerB_Floors40_TowerA_Rotation10_TowerB_Rotation30.json
70,40,10,30,210212,154831,280,160,619317,10398,613159,55381,TowerA_Floors70_TowerB_Floors40_TowerA_Rotation10_TowerB_Rotation30_001.png,TowerA_Floors70_TowerB_Floors40_TowerA_Rotation10_TowerB_Rotation30.json
30,50,10,30,210212,118793,120,200,475174,8076,483764,91419,TowerA_Floors30_TowerB_Floors50_TowerA_Rotation10_TowerB_Rotation30_001.png,TowerA_Floors30_TowerB_Floors50_TowerA_Rotation10_TowerB_Rotation30.json
40,50,10,30,210212,131795,160,200,527169,8800,521454,78417,TowerA_Floors40_TowerB_Floors50_TowerA_Rotation10_TowerB_Rotation30_001.png,TowerA_Floors40_TowerB_Floors50_TowerA_Rotation10_TowerB_Rotation30.json
50,50,10,30,210212,144793,200,200,579165,9523,574229,65419,TowerA_Floors50_TowerB_Floors50_TowerA_Rotation10_TowerB_Rotation30_001.png,TowerA_Floors50_TowerB_Floors50_TowerA_Rotation10_TowerB_Rotation30.json
60,50,10,30,210212,157789,240,200,631160,10247,636038,52423,TowerA_Floors60_TowerB_Floors50_TowerA_Rotation10_TowerB_Rotation30_001.png,TowerA_Floors60_TowerB_Floors50_TowerA_Rotation10_TowerB_Rotation30.json
70,50,10,30,210212,170787,280,200,683155,10970,682928,39425,TowerA_Floors70_TowerB_Floors50_TowerA_Rotation10_TowerB_Rotation30_001.png,TowerA_Floors70_TowerB_Floors50_TowerA_Rotation10_TowerB_Rotation30.json
30,60,10,30,210212,134759,120,240,539012,8589,540307,75453,TowerA_Floors30_TowerB_Floors60_TowerA_Rotation10_TowerB_Rotation30_001.png,TowerA_Floors30_TowerB_Floors60_TowerA_Rotation10_TowerB_Rotation30.json
40,60,10,30,210212,147761,160,240,591007,9313,577997,62451,TowerA_Floors40_TowerB_Floors60_TowerA_Rotation10_TowerB_Rotation30_001.png,TowerA_Floors40_TowerB_Floors60_TowerA_Rotation10_TowerB_Rotation30.json
50,60,10,30,210212,160759,200,240,643003,10036,630772,49453,TowerA_Floors50_TowerB_Floors60_TowerA_Rotation10_TowerB_Rotation30_001.png,TowerA_Floors50_TowerB_Floors60_TowerA_Rotation10_TowerB_Rotation30.json
60,60,10,30,210212,173755,240,240,694998,10760,692581,36457,TowerA_Floors60_TowerB_Floors60_TowerA_Rotation10_TowerB_Rotation30_001.png,TowerA_Floors60_TowerB_Floors60_TowerA_Rotation10_TowerB_Rotation30.json
70,60,10,30,210212,186753,280,240,746993,11483,739471,23459,TowerA_Floors70_TowerB_Floors60_TowerA_Rotation10_TowerB_Rotation30_001.png,TowerA_Floors70_TowerB_Floors60_TowerA_Rotation10_TowerB_Rotation30.json
30,70,10,30,210212,150711,120,280,602850,9149,570020,59501,TowerA_Floors30_TowerB_Floors70_TowerA_Rotation10_TowerB_Rotation30_001.png,TowerA_Floors30_TowerB_Floors70_TowerA_Rotation10_TowerB_Rotation30.json
40,70,10,30,210212,163713,160,280,654845,9873,607710,46499,TowerA_Floors40_TowerB_Floors70_TowerA_Rotation10_TowerB_Rotation30_001.png,TowerA_Floors40_TowerB_Floors70_TowerA_Rotation10_TowerB_Rotation30.json
50,70,10,30,210212,176711,200,280,706841,10596,660485,33501,TowerA_Floors50_TowerB_Floors70_TowerA_Rotation10_TowerB_Rotation30_001.png,TowerA_Floors50_TowerB_Floors70_TowerA_Rotation10_TowerB_Rotation30.json
60,70,10,30,210212,189707,240,280,758836,11320,722294,20505,TowerA_Floors60_TowerB_Floors70_TowerA_Rotation10_TowerB_Rotation30_001.png,TowerA_Floors60_TowerB_Floors70_TowerA_Rotation10_TowerB_Rotation30.json
70,70,10,30,210212,202705,280,280,810831,12043,769184,7507,TowerA_Floors70_TowerB_Floors70_TowerA_Rotation10_TowerB_Rotation30_001.png,TowerA_Floors70_TowerB_Floors70_TowerA_Rotation10_TowerB_Rotation30.json
30,30,20,30,210212,86287,120,120,345142,7089,363189,123925,TowerA_Floors30_TowerB_Floors30_TowerA_Rotation20_TowerB_Rotation30_001.png,TowerA_Floors30_TowerB_Floors30_TowerA_Rotation20_TowerB_Rotation30.json
40,30,20,30,210212,99091,160,120,396351,7777,400879,111121,TowerA_Floors40_TowerB_Floors30_TowerA_Rotation20_TowerB_Rotation30_001.png,TowerA_Floors40_TowerB_Floors30_TowerA_Rotation20_TowerB_Rotation30.json
50,30,20,30,210212,111889,200,120,447560,8468,453654,98323,TowerA_Floors50_TowerB_Floors30_TowerA_Rotation20_TowerB_Rotation30_001.png,TowerA_Floors50_TowerB_Floors30_TowerA_Rotation20_TowerB_Rotation30.json
60,30,20,30,210212,124689,240,120,498769,9160,515463,85523,TowerA_Floors60_TowerB_Floors30_TowerA_Rotation20_TowerB_Rotation30_001.png,TowerA_Floors60_TowerB_Floors30_TowerA_Rotation20_TowerB_Rotation30.json
70,30,20,30,210212,137497,280,120,549978,9851,562353,72715,TowerA_Floors70_TowerB_Floors30_TowerA_Rotation20_TowerB_Rotation30_001.png,TowerA_Floors70_TowerB_Floors30_TowerA_Rotation20_TowerB_Rotation30.json
30,40,20,30,210212,102245,120,160,408979,7412,413995,107967,TowerA_Floors30_TowerB_Floors40_TowerA_Rotation20_TowerB_Rotation30_001.png,TowerA_Floors30_TowerB_Floors40_TowerA_Rotation20_TowerB_Rotation30.json
40,40,20,30,210212,115049,160,160,460188,8100,451685,95163,TowerA_Floors40_TowerB_Floors40_TowerA_Rotation20_TowerB_Rotation30_001.png,TowerA_Floors40_TowerB_Floors40_TowerA_Rotation20_TowerB_Rotation30.json
50,40,20,30,210212,127847,200,160,511397,8791,504460,82365,TowerA_Floors50_TowerB_Floors40_TowerA_Rotation20_TowerB_Rotation30_001.png,TowerA_Floors50_TowerB_Floors40_TowerA_Rotation20_TowerB_Rotation30.json
60,40,20,30,210212,140647,240,160,562606,9483,566269,69565,TowerA_Floors60_TowerB_Floors40_TowerA_Rotation20_TowerB_Rotation30_001.png,TowerA_Floors60_TowerB_Floors40_TowerA_Rotation20_TowerB_Rotation30.json
70,40,20,30,210212,153455,280,160,613815,10174,613159,56757,TowerA_Floors70_TowerB_Floors40_TowerA_Rotation20_TowerB_Rotation30_001.png,TowerA_Floors70_TowerB_Floors40_TowerA_Rotation20_TowerB_Rotation30.json
30,50,20,30,210212,118201,120,200,472817,7984,483764,92011,TowerA_Floors30_TowerB_Floors50_TowerA_Rotation20_TowerB_Rotation30_001.png,TowerA_Floors30_TowerB_Floors50_TowerA_Rotation20_TowerB_Rotation30.json
40,50,20,30,210212,131005,160,200,524026,8672,521454,79207,TowerA_Floors40_TowerB_Floors50_TowerA_Rotation20_TowerB_Rotation30_001.png,TowerA_Floors40_TowerB_Floors50_TowerA_Rotation20_TowerB_Rotation30.json
50,50,20,30,210212,143803,200,200,575235,9363,574229,66409,TowerA_Floors50_TowerB_Floors50_TowerA_Rotation20_TowerB_Rotation30_001.png,TowerA_Floors50_TowerB_Floors50_TowerA_Rotation20_TowerB_Rotation30.json
60,50,20,30,210212,156603,240,200,626444,10055,636038,53609,TowerA_Floors60_TowerB_Floors50_TowerA_Rotation20_TowerB_Rotation30_001.png,TowerA_Floors60_TowerB_Floors50_TowerA_Rotation20_TowerB_Rotation30.json
70,50,20,30,210212,169411,280,200,677653,10746,682928,40801,TowerA_Floors70_TowerB_Floors50_TowerA_Rotation20_TowerB_Rotation30_001.png,TowerA_Floors70_TowerB_Floors50_TowerA_Rotation20_TowerB_Rotation30.json
30,60,20,30,210212,134167,120,240,536655,8497,540307,76045,TowerA_Floors30_TowerB_Floors60_TowerA_Rotation20_TowerB_Rotation30_001.png,TowerA_Floors30_TowerB_Floors60_TowerA_Rotation20_TowerB_Rotation30.json
40,60,20,30,210212,146971,160,240,587864,9185,577997,63241,TowerA_Floors40_TowerB_Floors60_TowerA_Rotation20_TowerB_Rotation30_001.png,TowerA_Floors40_TowerB_Floors60_TowerA_Rotation20_TowerB_Rotation30.json
50,60,20,30,210212,159769,200,240,639073,9876,630772,50443,TowerA_Floors50_TowerB_Floors60_TowerA_Rotation20_TowerB_Rotation30_001.png,TowerA_Floors50_TowerB_Floors60_TowerA_Rotation20_TowerB_Rotation30.json
60,60,20,30,210212,172569,240,240,690282,10568,692581,37643,TowerA_Floors60_TowerB_Floors60_TowerA_Rotation20_TowerB_Rotation30_001.png,TowerA_Floors60_TowerB_Floors60_TowerA_Rotation20_TowerB_Rotation30.json
70,60,20,30,210212,185377,280,240,741491,11259,739471,24835,TowerA_Floors70_TowerB_Floors60_TowerA_Rotation20_TowerB_Rotation30_001.png,TowerA_Floors70_TowerB_Floors60_TowerA_Rotation20_TowerB_Rotation30.json
30,70,20,30,210212,150119,120,280,600493,9057,570020,60093,TowerA_Floors30_TowerB_Floors70_TowerA_Rotation20_TowerB_Rotation30_001.png,TowerA_Floors30_TowerB_Floors70_TowerA_Rotation20_TowerB_Rotation30.json
40,70,20,30,210212,162923,160,280,651702,9745,607710,47289,TowerA_Floors40_TowerB_Floors70_TowerA_Rotation20_TowerB_Rotation30_001.png,TowerA_Floors40_TowerB_Floors70_TowerA_Rotation20_TowerB_Rotation30.json
50,70,20,30,210212,175721,200,280,702911,10436,660485,34491,TowerA_Floors50_TowerB_Floors70_TowerA_Rotation20_TowerB_Rotation30_001.png,TowerA_Floors50_TowerB_Floors70_TowerA_Rotation20_TowerB_Rotation30.json
60,70,20,30,210212,188521,240,280,754120,11128,722294,21691,TowerA_Floors60_TowerB_Floors70_TowerA_Rotation20_TowerB_Rotation30_001.png,TowerA_Floors60_TowerB_Floors70_TowerA_Rotation20_TowerB_Rotation30.json
70,70,20,30,210212,201329,280,280,805329,11819,769184,8883,TowerA_Floors70_TowerB_Floors70_TowerA_Rotation20_TowerB_Rotation30_001.png,TowerA_Floors70_TowerB_Floors70_TowerA_Rotation20_TowerB_Rotation30.json
30,30,30,30,210212,85327,120,120,341292,7010,363189,124885,TowerA_Floors30_TowerB_Floors30_TowerA_Rotation30_TowerB_Rotation30_001.png,TowerA_Floors30_TowerB_Floors30_TowerA_Rotation30_TowerB_Rotation30.json
40,30,30,30,210212,97807,160,120,391218,7661,400879,112405,TowerA_Floors40_TowerB_Floors30_TowerA_Rotation30_TowerB_Rotation30_001.png,TowerA_Floors40_TowerB_Floors30_TowerA_Rotation30_TowerB_Rotation30.json
50,30,30,30,210212,110289,200,120,441144,8337,453654,99923,TowerA_Floors50_TowerB_Floors30_TowerA_Rotation30_TowerB_Rotation30_001.png,TowerA_Floors50_TowerB_Floors30_TowerA_Rotation30_TowerB_Rotation30.json
60,30,30,30,210212,122771,240,120,491070,9000,515463,87441,TowerA_Floors60_TowerB_Floors30_TowerA_Rotation30_TowerB_Rotation30_001.png,TowerA_Floors60_TowerB_Floors30_TowerA_Rotation30_TowerB_Rotation30.json
70,30,30,30,210212,135257,280,120,540995,9634,562353,74955,TowerA_Floors70_TowerB_Floors30_TowerA_Rotation30_TowerB_Rotation30_001.png,TowerA_Floors70_TowerB_Floors30_TowerA_Rotation30_TowerB_Rotation30.json
30,40,30,30,210212,101285,120,160,405129,7333,413995,108927,TowerA_Floors30_TowerB_Floors40_TowerA_Rotation30_TowerB_Rotation30_001.png,TowerA_Floors30_TowerB_Floors40_TowerA_Rotation30_TowerB_Rotation30.json
40,40,30,30,210212,113765,160,160,455055,7984,451685,96447,TowerA_Floors40_TowerB_Floors40_TowerA_Rotation30_TowerB_Rotation30_001.png,TowerA_Floors40_TowerB_Floors40_TowerA_Rotation30_TowerB_Rotation30.json
50,40,30,30,210212,126247,200,160,504981,8660,504460,83965,TowerA_Floors50_TowerB_Floors40_TowerA_Rotation30_TowerB_Rotation30_001.png,TowerA_Floors50_TowerB_Floors40_TowerA_Rotation30_TowerB_Rotation30.json
60,40,30,30,210212,138729,240,160,554907,9323,566269,71483,TowerA_Floors60_TowerB_Floors40_TowerA_Rotation30_TowerB_Rotation30_001.png,TowerA_Floors60_TowerB_Floors40_TowerA_Rotation30_TowerB_Rotation30.json
70,40,30,30,210212,151215,280,160,604832,9957,613159,58997,TowerA_Floors70_TowerB_Floors40_TowerA_Rotation30_TowerB_Rotation30_001.png,TowerA_Floors70_TowerB_Floors40_TowerA_Rotation30_TowerB_Rotation30.json
30,50,30,30,210212,117241,120,200,468967,7905,483764,92971,TowerA_Floors30_TowerB_Floors50_TowerA_Rotation30_TowerB_Rotation30_001.png,TowerA_Floors30_TowerB_Floors50_TowerA_Rotation30_TowerB_Rotation30.json
40,50,30,30,210212,129721,160,200,518893,8556,521454,80491,TowerA_Floors40_TowerB_Floors50_TowerA_Rotation30_TowerB_Rotation30_001.png,TowerA_Floors40_TowerB_Floors50_TowerA_Rotation30_TowerB_Rotation30.json
50,50,30,30,210212,142203,200,200,568819,9232,574229,68009,TowerA_Floors50_TowerB_Floors50_TowerA_Rotation30_TowerB_Rotation30_001.png,TowerA_Floors50_TowerB_Floors50_TowerA_Rotation30_TowerB_Rotation30.json
60,50,30,30,210212,154685,240,200,618745,9895,636038,55527,TowerA_Floors60_TowerB_Floors50_TowerA_Rotation30_TowerB_Rotation30_001.png,TowerA_Floors60_TowerB_Floors50_TowerA_Rotation30_TowerB_Rotation30.json
70,50,30,30,210212,167171,280,200,668670,10529,682928,43041,TowerA_Floors70_TowerB_Floors50_TowerA_Rotation30_TowerB_Rotation30_001.png,TowerA_Floors70_TowerB_Floors50_TowerA_Rotation30_TowerB_Rotation30.json
30,60,30,30,210212,133207,120,240,532805,8418,540307,77005,TowerA_Floors30_TowerB_Floors60_TowerA_Rotation30_TowerB_Rotation30_001.png,TowerA_Floors30_TowerB_Floors60_TowerA_Rotation30_TowerB_Rotation30.json
40,60,30,30,210212,145687,160,240,582731,9069,577997,64525,TowerA_Floors40_TowerB_Floors60_TowerA_Rotation30_TowerB_Rotation30_001.png,TowerA_Floors40_TowerB_Floors60_TowerA_Rotation30_TowerB_Rotation30.json
50,60,30,30,210212,158169,200,240,632657,9745,630772,52043,TowerA_Floors50_TowerB_Floors60_TowerA_Rotation30_TowerB_Rotation30_001.png,TowerA_Floors50_TowerB_Floors60_TowerA_Rotation30_TowerB_Rotation30.json
60,60,30,30,210212,170651,240,240,682583,10408,692581,39561,TowerA_Floors60_TowerB_Floors60_TowerA_Rotation30_TowerB_Rotation30_001.png,TowerA_Floors60_TowerB_Floors60_TowerA_Rotation30_TowerB_Rotation30.json
70,60,30,30,210212,183137,280,240,732508,11042,739471,27075,TowerA_Floors70_TowerB_Floors60_TowerA_Rotation30_TowerB_Rotation30_001.png,TowerA_Floors70_TowerB_Floors60_TowerA_Rotation30_TowerB_Rotation30.json
30,70,30,30,210212,149159,120,280,596643,8978,570020,61053,TowerA_Floors30_TowerB_Floors70_TowerA_Rotation30_TowerB_Rotation30_001.png,TowerA_Floors30_TowerB_Floors70_TowerA_Rotation30_TowerB_Rotation30.json
40,70,30,30,210212,161639,160,280,646569,9629,607710,48573,TowerA_Floors40_TowerB_Floors70_TowerA_Rotation30_TowerB_Rotation30_001.png,TowerA_Floors40_TowerB_Floors70_TowerA_Rotation30_TowerB_Rotation30.json
50,70,30,30,210212,174121,200,280,696495,10305,660485,36091,TowerA_Floors50_TowerB_Floors70_TowerA_Rotation30_TowerB_Rotation30_001.png,TowerA_Floors50_TowerB_Floors70_TowerA_Rotation30_TowerB_Rotation30.json
60,70,30,30,210212,186603,240,280,746421,10968,722294,23609,TowerA_Floors60_TowerB_Floors70_TowerA_Rotation30_TowerB_Rotation30_001.png,TowerA_Floors60_TowerB_Floors70_TowerA_Rotation30_TowerB_Rotation30.json
70,70,30,30,210212,199089,280,280,796346,11602,769184,11123,TowerA_Floors70_TowerB_Floors70_TowerA_Rotation30_TowerB_Rotation30_001.png,TowerA_Floors70_TowerB_Floors70_TowerA_Rotation30_TowerB_Rotation30.json
30,30,0,45,210212,84407,120,120,337673,7189,363189,125805,TowerA_Floors30_TowerB_Floors30_TowerA_Rotation0_TowerB_Rotation45_001.png,TowerA_Floors30_TowerB_Floors30_TowerA_Rotation0_TowerB_Rotation45.json
40,30,0,45,210212,97467,160,120,389933,7934,400879,112745,TowerA_Floors40_TowerB_Floors30_TowerA_Rotation0_TowerB_Rotation45_001.png,TowerA_Floors40_TowerB_Floors30_TowerA_Rotation0_TowerB_Rotation45.json
50,30,0,45,210212,110527,200,120,442193,8679,453654,99685,TowerA_Floors50_TowerB_Floors30_TowerA_Rotation0_TowerB_Rotation45_001.png,TowerA_Floors50_TowerB_Floors30_TowerA_Rotation0_TowerB_Rotation45.json
60,30,0,45,210212,123587,240,120,494453,9424,515463,86625,TowerA_Floors60_TowerB_Floors30_TowerA_Rotation0_TowerB_Rotation45_001.png,TowerA_Floors60_TowerB_Floors30_TowerA_Rotation0_TowerB_Rotation45.json
70,30,0,45,210212,136647,280,120,546712,10169,562353,73565,TowerA_Floors70_TowerB_Floors30_TowerA_Rotation0_TowerB_Rotation45_001.png,TowerA_Floors70_TowerB_Floors30_TowerA_Rotation0_TowerB_Rotation45.json
30,40,0,45,210212,99483,120,160,397971,7517,413995,110729,TowerA_Floors30_TowerB_Floors40_TowerA_Rotation0_TowerB_Rotation45_001.png,TowerA_Floors30_TowerB_Floors40_TowerA_Rotation0_TowerB_Rotation45.json
40,40,0,45,210212,112543,160,160,450231,8262,451685,97669,TowerA_Floors40_TowerB_Floors40_TowerA_Rotation0_TowerB_Rotation45_001.png,TowerA_Floors40_TowerB_Floors40_TowerA_Rotation0_TowerB_Rotation45.json
50,40,0,45,210212,125603,200,160,502491,9007,504460,84609,TowerA_Floors50_TowerB_Floors40_TowerA_Rotation0_TowerB_Rotation45_001.png,TowerA_Floors50_TowerB_Floors40_TowerA_Rotation0_TowerB_Rotation45.json
60,40,0,45,210212,138663,240,160,554751,9752,566269,71549,TowerA_Floors60_TowerB_Floors40_TowerA_Rotation0_TowerB_Rotation45_001.png,TowerA_Floors60_TowerB_Floors40_TowerA_Rotation0_TowerB_Rotation45.json
70,40,0,45,210212,151723,280,160,607010,10497,613159,58489,TowerA_Floors70_TowerB_Floors40_TowerA_Rotation0_TowerB_Rotation45_001.png,TowerA_Floors70_TowerB_Floors40_TowerA_Rotation0_TowerB_Rotation45.json
30,50,0,45,210212,114553,120,200,458270,8016,483764,95659,TowerA_Floors30_TowerB_Floors50_TowerA_Rotation0_TowerB_Rotation45_001.png,TowerA_Floors30_TowerB_Floors50_TowerA_Rotation0_TowerB_Rotation45.json
40,50,0,45,210212,127613,160,200,510530,8761,521454,82599,TowerA_Floors40_TowerB_Floors50_TowerA_Rotation0_TowerB_Rotation45_001.png,TowerA_Floors40_TowerB_Floors50_TowerA_Rotation0_TowerB_Rotation45.json
50,50,0,45,210212,140673,200,200,562790,9506,574229,69539,TowerA_Floors50_TowerB_Floors50_TowerA_Rotation0_TowerB_Rotation45_001.png,TowerA_Floors50_TowerB_Floors50_TowerA_Rotation0_TowerB_Rotation45.json
60,50,0,45,210212,153733,240,200,615050,10251,636038,56479,TowerA_Floors60_TowerB_Floors50_TowerA_Rotation0_TowerB_Rotation45_001.png,TowerA_Floors60_TowerB_Floors50_TowerA_Rotation0_TowerB_Rotation45.json
70,50,0,45,210212,166793,280,200,667309,10996,682928,43419,TowerA_Floors70_TowerB_Floors50_TowerA_Rotation0_TowerB_Rotation45_001.png,TowerA_Floors70_TowerB_Floors50_TowerA_Rotation0_TowerB_Rotation45.json
30,60,0,45,210212,129629,120,240,518568,8508,540307,80583,TowerA_Floors30_TowerB_Floors60_TowerA_Rotation0_TowerB_Rotation45_001.png,TowerA_Floors30_TowerB_Floors60_TowerA_Rotation0_TowerB_Rotation45.json
40,60,0,45,210212,142689,160,240,570828,9253,577997,67523,TowerA_Floors40_TowerB_Floors60_TowerA_Rotation0_TowerB_Rotation45_001.png,TowerA_Floors40_TowerB_Floors60_TowerA_Rotation0_TowerB_Rotation45.json
50,60,0,45,210212,155749,200,240,623088,9998,630772,54463,TowerA_Floors50_TowerB_Floors60_TowerA_Rotation0_TowerB_Rotation45_001.png,TowerA_Floors50_TowerB_Floors60_TowerA_Rotation0_TowerB_Rotation45.json
60,60,0,45,210212,168809,240,240,675348,10743,692581,41403,TowerA_Floors60_TowerB_Floors60_TowerA_Rotation0_TowerB_Rotation45_001.png,TowerA_Floors60_TowerB_Floors60_TowerA_Rotation0_TowerB_Rotation45.json
70,60,0,45,210212,181869,280,240,727607,11488,739471,28343,TowerA_Floors70_TowerB_Floors60_TowerA_Rotation0_TowerB_Rotation45_001.png,TowerA_Floors70_TowerB_Floors60_TowerA_Rotation0_TowerB_Rotation45.json
30,70,0,45,210212,144711,120,280,578866,9189,570020,65501,TowerA_Floors30_TowerB_Floors70_TowerA_Rotation0_TowerB_Rotation45_001.png,TowerA_Floors30_TowerB_Floors70_TowerA_Rotation0_TowerB_Rotation45.json
40,70,0,45,210212,157771,160,280,631126,9934,607710,52441,TowerA_Floors40_TowerB_Floors70_TowerA_Rotation0_TowerB_Rotation45_001.png,TowerA_Floors40_TowerB_Floors70_TowerA_Rotation0_TowerB_Rotation45.json
50,70,0,45,210212,170831,200,280,683386,10679,660485,39381,TowerA_Floors50_TowerB_Floors70_TowerA_Rotation0_TowerB_Rotation45_001.png,TowerA_Floors50_TowerB_Floors70_TowerA_Rotation0_TowerB_Rotation45.json
60,70,0,45,210212,183891,240,280,735646,11424,722294,26321,TowerA_Floors60_TowerB_Floors70_TowerA_Rotation0_TowerB_Rotation45_001.png,TowerA_Floors60_TowerB_Floors70_TowerA_Rotation0_TowerB_Rotation45.json
70,70,0,45,210212,196951,280,280,787905,12169,769184,13261,TowerA_Floors70_TowerB_Floors70_TowerA_Rotation0_TowerB_Rotation45_001.png,TowerA_Floors70_TowerB_Floors70_TowerA_Rotation0_TowerB_Rotation45.json
30,30,10,45,210212,84224,120,120,336879,7125,363189,125988,TowerA_Floors30_TowerB_Floors30_TowerA_Rotation10_TowerB_Rotation45_001.png,TowerA_Floors30_TowerB_Floors30_TowerA_Rotation10_TowerB_Rotation45.json
40,30,10,45,210212,97226,160,120,388874,7849,400879,112986,TowerA_Floors40_TowerB_Floors30_TowerA_Rotation10_TowerB_Rotation45_001.png,TowerA_Floors40_TowerB_Floors30_TowerA_Rotation10_TowerB_Rotation45.json
50,30,10,45,210212,110224,200,120,440870,8572,453654,99988,TowerA_Floors50_TowerB_Floors30_TowerA_Rotation10_TowerB_Rotation45_001.png,TowerA_Floors50_TowerB_Floors30_TowerA_Rotation10_TowerB_Rotation45.json
60,30,10,45,210212,123220,240,120,492865,9296,515463,86992,TowerA_Floors60_TowerB_Floors30_TowerA_Rotation10_TowerB_Rotation45_001.png,TowerA_Floors60_TowerB_Floors30_TowerA_Rotation10_TowerB_Rotation45.json
70,30,10,45,210212,136218,280,120,544860,10019,562353,73994,TowerA_Floors70_TowerB_Floors30_TowerA_Rotation10_TowerB_Rotation45_001.png,TowerA_Floors70_TowerB_Floors30_TowerA_Rotation10_TowerB_Rotation45.json
30,40,10,45,210212,99300,120,160,397177,7453,413995,110912,TowerA_Floors30_TowerB_Floors40_TowerA_Rotation10_TowerB_Rotation45_001.png,TowerA_Floors30_TowerB_Floors40_TowerA_Rotation10_TowerB_Rotation45.json
40,40,10,45,210212,112302,160,160,449172,8177,451685,97910,TowerA_Floors40_TowerB_Floors40_TowerA_Rotation10_TowerB_Rotation45_001.png,TowerA_Floors40_TowerB_Floors40_TowerA_Rotation10_TowerB_Rotation45.json
50,40,10,45,210212,125300,200,160,501168,8900,504460,84912,TowerA_Floors50_TowerB_Floors40_TowerA_Rotation10_TowerB_Rotation45_001.png,TowerA_Floors50_TowerB_Floors40_TowerA_Rotation10_TowerB_Rotation45.json
60,40,10,45,210212,138296,240,160,553163,9624,566269,71916,TowerA_Floors60_TowerB_Floors40_TowerA_Rotation10_TowerB_Rotation45_001.png,TowerA_Floors60_TowerB_Floors40_TowerA_Rotation10_TowerB_Rotation45.json
70,40,10,45,210212,151294,280,160,605158,10347,613159,58918,TowerA_Floors70_TowerB_Floors40_TowerA_Rotation10_TowerB_Rotation45_001.png,TowerA_Floors70_TowerB_Floors40_TowerA_Rotation10_TowerB_Rotation45.json
30,50,10,45,210212,114370,120,200,457476,7952,483764,95842,TowerA_Floors30_TowerB_Floors50_TowerA_Rotation10_TowerB_Rotation45_001.png,TowerA_Floors30_TowerB_Floors50_TowerA_Rotation10_TowerB_Rotation45.json
40,50,10,45,210212,127372,160,200,509471,8676,521454,82840,TowerA_Floors40_TowerB_Floors50_TowerA_Rotation10_TowerB_Rotation45_001.png,TowerA_Floors40_TowerB_Floors50_TowerA_Rotation10_TowerB_Rotation45.json
50,50,10,45,210212,140370,200,200,561467,9399,574229,69842,TowerA_Floors50_TowerB_Floors50_TowerA_Rotation10_TowerB_Rotation45_001.png,TowerA_Floors50_TowerB_Floors50_TowerA_Rotation10_TowerB_Rotation45.json
60,50,10,45,210212,153366,240,200,613462,10123,636038,56846,TowerA_Floors60_TowerB_Floors50_TowerA_Rotation10_TowerB_Rotation45_001.png,TowerA_Floors60_TowerB_Floors50_TowerA_Rotation10_TowerB_Rotation45.json
70,50,10,45,210212,166364,280,200,665457,10846,682928,43848,TowerA_Floors70_TowerB_Floors50_TowerA_Rotation10_TowerB_Rotation45_001.png,TowerA_Floors70_TowerB_Floors50_TowerA_Rotation10_TowerB_Rotation45.json
30,60,10,45,210212,129446,120,240,517774,8444,540307,80766,TowerA_Floors30_TowerB_Floors60_TowerA_Rotation10_TowerB_Rotation45_001.png,TowerA_Floors30_TowerB_Floors60_TowerA_Rotation10_TowerB_Rotation45.json
40,60,10,45,210212,142448,160,240,569769,9168,577997,67764,TowerA_Floors40_TowerB_Floors60_TowerA_Rotation10_TowerB_Rotation45_001.png,TowerA_Floors40_TowerB_Floors60_TowerA_Rotation10_TowerB_Rotation45.json
50,60,10,45,210212,155446,200,240,621765,9891,630772,54766,TowerA_Floors50_TowerB_Floors60_TowerA_Rotation10_TowerB_Rotation45_001.png,TowerA_Floors50_TowerB_Floors60_TowerA_Rotation10_TowerB_Rotation45.json
60,60,10,45,210212,168442,240,240,673760,10615,692581,41770,TowerA_Floors60_TowerB_Floors60_TowerA_Rotation10_TowerB_Rotation45_001.png,TowerA_Floors60_TowerB_Floors60_TowerA_Rotation10_TowerB_Rotation45.json
70,60,10,45,210212,181440,280,240,725755,11338,739471,28772,TowerA_Floors70_TowerB_Floors60_TowerA_Rotation10_TowerB_Rotation45_001.png,TowerA_Floors70_TowerB_Floors60_TowerA_Rotation10_TowerB_Rotation45.json
30,70,10,45,210212,144528,120,280,578072,9125,570020,65684,TowerA_Floors30_TowerB_Floors70_TowerA_Rotation10_TowerB_Rotation45_001.png,TowerA_Floors30_TowerB_Floors70_TowerA_Rotation10_TowerB_Rotation45.json
40,70,10,45,210212,157530,160,280,630067,9849,607710,52682,TowerA_Floors40_TowerB_Floors70_TowerA_Rotation10_TowerB_Rotation45_001.png,TowerA_Floors40_TowerB_Floors70_TowerA_Rotation10_TowerB_Rotation45.json
50,70,10,45,210212,170528,200,280,682063,10572,660485,39684,TowerA_Floors50_TowerB_Floors70_TowerA_Rotation10_TowerB_Rotation45_001.png,TowerA_Floors50_TowerB_Floors70_TowerA_Rotation10_TowerB_Rotation45.json
60,70,10,45,210212,183524,240,280,734058,11296,722294,26688,TowerA_Floors60_TowerB_Floors70_TowerA_Rotation10_TowerB_Rotation45_001.png,TowerA_Floors60_TowerB_Floors70_TowerA_Rotation10_TowerB_Rotation45.json
70,70,10,45,210212,196522,280,280,786053,12019,769184,13690,TowerA_Floors70_TowerB_Floors70_TowerA_Rotation10_TowerB_Rotation45_001.png,TowerA_Floors70_TowerB_Floors70_TowerA_Rotation10_TowerB_Rotation45.json
30,30,20,45,210212,83632,120,120,334522,7033,363189,126580,TowerA_Floors30_TowerB_Floors30_TowerA_Rotation20_TowerB_Rotation45_001.png,TowerA_Floors30_TowerB_Floors30_TowerA_Rotation20_TowerB_Rotation45.json
40,30,20,45,210212,96436,160,120,385731,7721,400879,113776,TowerA_Floors40_TowerB_Floors30_TowerA_Rotation20_TowerB_Rotation45_001.png,TowerA_Floors40_TowerB_Floors30_TowerA_Rotation20_TowerB_Rotation45.json
50,30,20,45,210212,109234,200,120,436940,8412,453654,100978,TowerA_Floors50_TowerB_Floors30_TowerA_Rotation20_TowerB_Rotation45_001.png,TowerA_Floors50_TowerB_Floors30_TowerA_Rotation20_TowerB_Rotation45.json
60,30,20,45,210212,122034,240,120,488149,9104,515463,88178,TowerA_Floors60_TowerB_Floors30_TowerA_Rotation20_TowerB_Rotation45_001.png,TowerA_Floors60_TowerB_Floors30_TowerA_Rotation20_TowerB_Rotation45.json
70,30,20,45,210212,134842,280,120,539358,9795,562353,75370,TowerA_Floors70_TowerB_Floors30_TowerA_Rotation20_TowerB_Rotation45_001.png,TowerA_Floors70_TowerB_Floors30_TowerA_Rotation20_TowerB_Rotation45.json
30,40,20,45,210212,98708,120,160,394820,7361,413995,111504,TowerA_Floors30_TowerB_Floors40_TowerA_Rotation20_TowerB_Rotation45_001.png,TowerA_Floors30_TowerB_Floors40_TowerA_Rotation20_TowerB_Rotation45.json
40,40,20,45,210212,111512,160,160,446029,8049,451685,98700,TowerA_Floors40_TowerB_Floors40_TowerA_Rotation20_TowerB_Rotation45_001.png,TowerA_Floors40_TowerB_Floors40_TowerA_Rotation20_TowerB_Rotation45.json
50,40,20,45,210212,124310,200,160,497238,8740,504460,85902,TowerA_Floors50_TowerB_Floors40_TowerA_Rotation20_TowerB_Rotation45_001.png,TowerA_Floors50_TowerB_Floors40_TowerA_Rotation20_TowerB_Rotation45.json
60,40,20,45,210212,137110,240,160,548447,9432,566269,73102,TowerA_Floors60_TowerB_Floors40_TowerA_Rotation20_TowerB_Rotation45_001.png,TowerA_Floors60_TowerB_Floors40_TowerA_Rotation20_TowerB_Rotation45.json
70,40,20,45,210212,149918,280,160,599656,10123,613159,60294,TowerA_Floors70_TowerB_Floors40_TowerA_Rotation20_TowerB_Rotation45_001.png,TowerA_Floors70_TowerB_Floors40_TowerA_Rotation20_TowerB_Rotation45.json
30,50,20,45,210212,113778,120,200,455119,7860,483764,96434,TowerA_Floors30_TowerB_Floors50_TowerA_Rotation20_TowerB_Rotation45_001.png,TowerA_Floors30_TowerB_Floors50_TowerA_Rotation20_TowerB_Rotation45.json
40,50,20,45,210212,126582,160,200,506328,8548,521454,83630,TowerA_Floors40_TowerB_Floors50_TowerA_Rotation20_TowerB_Rotation45_001.png,TowerA_Floors40_TowerB_Floors50_TowerA_Rotation20_TowerB_Rotation45.json
50,50,20,45,210212,139380,200,200,557537,9239,574229,70832,TowerA_Floors50_TowerB_Floors50_TowerA_Rotation20_TowerB_Rotation45_001.png,TowerA_Floors50_TowerB_Floors50_TowerA_Rotation20_TowerB_Rotation45.json
60,50,20,45,210212,152180,240,200,608746,9931,636038,58032,TowerA_Floors60_TowerB_Floors50_TowerA_Rotation20_TowerB_Rotation45_001.png,TowerA_Floors60_TowerB_Floors50_TowerA_Rotation20_TowerB_Rotation45.json
70,50,20,45,210212,164988,280,200,659955,10622,682928,45224,TowerA_Floors70_TowerB_Floors50_TowerA_Rotation20_TowerB_Rotation45_001.png,TowerA_Floors70_TowerB_Floors50_TowerA_Rotation20_TowerB_Rotation45.json
30,60,20,45,210212,128854,120,240,515417,8352,540307,81358,TowerA_Floors30_TowerB_Floors60_TowerA_Rotation20_TowerB_Rotation45_001.png,TowerA_Floors30_TowerB_Floors60_TowerA_Rotation20_TowerB_Rotation45.json
40,60,20,45,210212,141658,160,240,566626,9040,577997,68554,TowerA_Floors40_TowerB_Floors60_TowerA_Rotation20_TowerB_Rotation45_001.png,TowerA_Floors40_TowerB_Floors60_TowerA_Rotation20_TowerB_Rotation45.json
50,60,20,45,210212,154456,200,240,617835,9731,630772,55756,TowerA_Floors50_TowerB_Floors60_TowerA_Rotation20_TowerB_Rotation45_001.png,TowerA_Floors50_TowerB_Floors60_TowerA_Rotation20_TowerB_Rotation45.json
60,60,20,45,210212,167256,240,240,669044,10423,692581,42956,TowerA_Floors60_TowerB_Floors60_TowerA_Rotation20_TowerB_Rotation45_001.png,TowerA_Floors60_TowerB_Floors60_TowerA_Rotation20_TowerB_Rotation45.json
70,60,20,45,210212,180064,280,240,720253,11114,739471,30148,TowerA_Floors70_TowerB_Floors60_TowerA_Rotation20_TowerB_Rotation45_001.png,TowerA_Floors70_TowerB_Floors60_TowerA_Rotation20_TowerB_Rotation45.json
30,70,20,45,210212,143936,120,280,575715,9033,570020,66276,TowerA_Floors30_TowerB_Floors70_TowerA_Rotation20_TowerB_Rotation45_001.png,TowerA_Floors30_TowerB_Floors70_TowerA_Rotation20_TowerB_Rotation45.json
40,70,20,45,210212,156740,160,280,626924,9721,607710,53472,TowerA_Floors40_TowerB_Floors70_TowerA_Rotation20_TowerB_Rotation45_001.png,TowerA_Floors40_TowerB_Floors70_TowerA_Rotation20_TowerB_Rotation45.json
50,70,20,45,210212,169538,200,280,678133,10412,660485,40674,TowerA_Floors50_TowerB_Floors70_TowerA_Rotation20_TowerB_Rotation45_001.png,TowerA_Floors50_TowerB_Floors70_TowerA_Rotation20_TowerB_Rotation45.json
60,70,20,45,210212,182338,240,280,729342,11104,722294,27874,TowerA_Floors60_TowerB_Floors70_TowerA_Rotation20_TowerB_Rotation45_001.png,TowerA_Floors60_TowerB_Floors70_TowerA_Rotation20_TowerB_Rotation45.json
70,70,20,45,210212,195146,280,280,780551,11795,769184,15066,TowerA_Floors70_TowerB_Floors70_TowerA_Rotation20_TowerB_Rotation45_001.png,TowerA_Floors70_TowerB_Floors70_TowerA_Rotation20_TowerB_Rotation45.json
30,30,30,45,210212,82672,120,120,330672,6954,363189,127540,TowerA_Floors30_TowerB_Floors30_TowerA_Rotation30_TowerB_Rotation45_001.png,TowerA_Floors30_TowerB_Floors30_TowerA_Rotation30_TowerB_Rotation45.json
40,30,30,45,210212,95152,160,120,380598,7605,400879,115060,TowerA_Floors40_TowerB_Floors30_TowerA_Rotation30_TowerB_Rotation45_001.png,TowerA_Floors40_TowerB_Floors30_TowerA_Rotation30_TowerB_Rotation45.json
50,30,30,45,210212,107634,200,120,430524,8281,453654,102578,TowerA_Floors50_TowerB_Floors30_TowerA_Rotation30_TowerB_Rotation45_001.png,TowerA_Floors50_TowerB_Floors30_TowerA_Rotation30_TowerB_Rotation45.json
60,30,30,45,210212,120116,240,120,480450,8944,515463,90096,TowerA_Floors60_TowerB_Floors30_TowerA_Rotation30_TowerB_Rotation45_001.png,TowerA_Floors60_TowerB_Floors30_TowerA_Rotation30_TowerB_Rotation45.json
70,30,30,45,210212,132602,280,120,530375,9578,562353,77610,TowerA_Floors70_TowerB_Floors30_TowerA_Rotation30_TowerB_Rotation45_001.png,TowerA_Floors70_TowerB_Floors30_TowerA_Rotation30_TowerB_Rotation45.json
30,40,30,45,210212,97748,120,160,390970,7282,413995,112464,TowerA_Floors30_TowerB_Floors40_TowerA_Rotation30_TowerB_Rotation45_001.png,TowerA_Floors30_TowerB_Floors40_TowerA_Rotation30_TowerB_Rotation45.json
40,40,30,45,210212,110228,160,160,440896,7933,451685,99984,TowerA_Floors40_TowerB_Floors40_TowerA_Rotation30_TowerB_Rotation45_001.png,TowerA_Floors40_TowerB_Floors40_TowerA_Rotation30_TowerB_Rotation45.json
50,40,30,45,210212,122710,200,160,490822,8609,504460,87502,TowerA_Floors50_TowerB_Floors40_TowerA_Rotation30_TowerB_Rotation45_001.png,TowerA_Floors50_TowerB_Floors40_TowerA_Rotation30_TowerB_Rotation45.json
60,40,30,45,210212,135192,240,160,540748,9272,566269,75020,TowerA_Floors60_TowerB_Floors40_TowerA_Rotation30_TowerB_Rotation45_001.png,TowerA_Floors60_TowerB_Floors40_TowerA_Rotation30_TowerB_Rotation45.json
70,40,30,45,210212,147678,280,160,590673,9906,613159,62534,TowerA_Floors70_TowerB_Floors40_TowerA_Rotation30_TowerB_Rotation45_001.png,TowerA_Floors70_TowerB_Floors40_TowerA_Rotation30_TowerB_Rotation45.json
30,50,30,45,210212,112818,120,200,451269,7781,483764,97394,TowerA_Floors30_TowerB_Floors50_TowerA_Rotation30_TowerB_Rotation45_001.png,TowerA_Floors30_TowerB_Floors50_TowerA_Rotation30_TowerB_Rotation45.json
40,50,30,45,210212,125298,160,200,501195,8432,521454,84914,TowerA_Floors40_TowerB_Floors50_TowerA_Rotation30_TowerB_Rotation45_001.png,TowerA_Floors40_TowerB_Floors50_TowerA_Rotation30_TowerB_Rotation45.json
50,50,30,45,210212,137780,200,200,551121,9108,574229,72432,TowerA_Floors50_TowerB_Floors50_TowerA_Rotation30_TowerB_Rotation45_001.png,TowerA_Floors50_TowerB_Floors50_TowerA_Rotation30_TowerB_Rotation45.json
60,50,30,45,210212,150262,240,200,601047,9771,636038,59950,TowerA_Floors60_TowerB_Floors50_TowerA_Rotation30_TowerB_Rotation45_001.png,TowerA_Floors60_TowerB_Floors50_TowerA_Rotation30_TowerB_Rotation45.json
70,50,30,45,210212,162748,280,200,650972,10405,682928,47464,TowerA_Floors70_TowerB_Floors50_TowerA_Rotation30_TowerB_Rotation45_001.png,TowerA_Floors70_TowerB_Floors50_TowerA_Rotation30_TowerB_Rotation45.json
30,60,30,45,210212,127894,120,240,511567,8273,540307,82318,TowerA_Floors30_TowerB_Floors60_TowerA_Rotation30_TowerB_Rotation45_001.png,TowerA_Floors30_TowerB_Floors60_TowerA_Rotation30_TowerB_Rotation45.json
40,60,30,45,210212,140374,160,240,561493,8924,577997,69838,TowerA_Floors40_TowerB_Floors60_TowerA_Rotation30_TowerB_Rotation45_001.png,TowerA_Floors40_TowerB_Floors60_TowerA_Rotation30_TowerB_Rotation45.json
50,60,30,45,210212,152856,200,240,611419,9600,630772,57356,TowerA_Floors50_TowerB_Floors60_TowerA_Rotation30_TowerB_Rotation45_001.png,TowerA_Floors50_TowerB_Floors60_TowerA_Rotation30_TowerB_Rotation45.json
60,60,30,45,210212,165338,240,240,661345,10263,692581,44874,TowerA_Floors60_TowerB_Floors60_TowerA_Rotation30_TowerB_Rotation45_001.png,TowerA_Floors60_TowerB_Floors60_TowerA_Rotation30_TowerB_Rotation45.json
70,60,30,45,210212,177824,280,240,711270,10897,739471,32388,TowerA_Floors70_TowerB_Floors60_TowerA_Rotation30_TowerB_Rotation45_001.png,TowerA_Floors70_TowerB_Floors60_TowerA_Rotation30_TowerB_Rotation45.json
30,70,30,45,210212,142976,120,280,571865,8954,570020,67236,TowerA_Floors30_TowerB_Floors70_TowerA_Rotation30_TowerB_Rotation45_001.png,TowerA_Floors30_TowerB_Floors70_TowerA_Rotation30_TowerB_Rotation45.json
40,70,30,45,210212,155456,160,280,621791,9605,607710,54756,TowerA_Floors40_TowerB_Floors70_TowerA_Rotation30_TowerB_Rotation45_001.png,TowerA_Floors40_TowerB_Floors70_TowerA_Rotation30_TowerB_Rotation45.json
50,70,30,45,210212,167938,200,280,671717,10281,660485,42274,TowerA_Floors50_TowerB_Floors70_TowerA_Rotation30_TowerB_Rotation45_001.png,TowerA_Floors50_TowerB_Floors70_TowerA_Rotation30_TowerB_Rotation45.json
60,70,30,45,210212,180420,240,280,721643,10944,722294,29792,TowerA_Floors60_TowerB_Floors70_TowerA_Rotation30_TowerB_Rotation45_001.png,TowerA_Floors60_TowerB_Floors70_TowerA_Rotation30_TowerB_Rotation45.json
70,70,30,45,210212,192906,280,280,771568,11578,769184,17306,TowerA_Floors70_TowerB_Floors70_TowerA_Rotation30_TowerB_Rotation45_001.png,TowerA_Floors70_TowerB_Floors70_TowerA_Rotation30_TowerB_Rotation45.json
